age,job,marital,education,balance,duration
58.0,management,married,tertiary,2143,261
44.0,technician,single,secondary,29,151
33.0,entrepreneur,married,secondary,2,76
47.0,blue-collar,married,unknown,1506,92
33.0,unknown,single,unknown,1,198
35.0,management,married,tertiary,231,139
28.0,management,single,tertiary,447,217
42.0,entrepreneur,divorced,tertiary,2,380
58.0,retired,married,primary,121,50
43.0,technician,single,secondary,593,55
41.0,admin.,divorced,secondary,270,222
29.0,admin.,single,secondary,390,137
53.0,technician,married,secondary,6,517
58.0,technician,married,unknown,71,71
57.0,services,married,secondary,162,174
51.0,retired,married,primary,229,353
45.0,admin.,single,unknown,13,98
57.0,blue-collar,married,primary,52,38
60.0,retired,married,primary,60,219
33.0,services,married,secondary,0,54
28.0,blue-collar,married,secondary,723,262
56.0,management,married,tertiary,779,164
32.0,blue-collar,single,primary,23,160
25.0,services,married,secondary,50,342
40.0,retired,married,primary,0,181
44.0,admin.,married,secondary,-372,172
39.0,management,single,tertiary,255,296
52.0,entrepreneur,married,secondary,113,127
46.0,management,single,secondary,-246,255
36.0,technician,single,secondary,265,348
57.0,technician,married,secondary,839,225
49.0,management,married,tertiary,378,230
60.0,admin.,married,secondary,39,208
59.0,blue-collar,married,secondary,0,226
51.0,management,married,tertiary,10635,336
57.0,technician,divorced,secondary,63,242
25.0,blue-collar,married,secondary,-7,365
53.0,technician,married,secondary,-3,1666
36.0,admin.,divorced,secondary,506,577
37.0,admin.,single,secondary,0,137
44.0,services,divorced,secondary,2586,160
50.0,management,married,secondary,49,180
60.0,blue-collar,married,unknown,104,22
54.0,retired,married,secondary,529,1492
58.0,retired,married,unknown,96,616
36.0,admin.,single,primary,-171,242
58.0,self-employed,married,tertiary,-364,355
44.0,technician,married,secondary,0,225
55.0,technician,divorced,secondary,0,160
29.0,management,single,tertiary,0,363
54.0,blue-collar,married,secondary,1291,266
48.0,management,divorced,tertiary,-244,253
32.0,management,married,tertiary,0,179
42.0,admin.,single,secondary,-76,787
24.0,technician,single,secondary,-103,145
38.0,entrepreneur,single,tertiary,243,174
38.0,management,single,tertiary,424,104
47.0,blue-collar,married,unknown,306,13
40.0,blue-collar,single,unknown,24,185
46.0,services,married,primary,179,1778
32.0,admin.,married,tertiary,0,138
53.0,technician,divorced,secondary,989,812
57.0,blue-collar,married,primary,249,164
33.0,services,married,secondary,790,391
49.0,blue-collar,married,unknown,154,357
51.0,management,married,tertiary,6530,91
60.0,retired,married,tertiary,100,528
59.0,management,divorced,tertiary,59,273
55.0,technician,married,secondary,1205,158
35.0,blue-collar,single,secondary,12223,177
57.0,blue-collar,married,secondary,5935,258
31.0,services,married,secondary,25,172
54.0,management,married,secondary,282,154
55.0,blue-collar,married,primary,23,291
43.0,technician,married,secondary,1937,181
53.0,technician,married,secondary,384,176
44.0,blue-collar,married,secondary,582,211
55.0,services,divorced,secondary,91,349
49.0,services,divorced,secondary,0,272
55.0,services,divorced,secondary,1,208
45.0,admin.,single,secondary,206,193
47.0,services,divorced,secondary,164,212
42.0,technician,single,secondary,690,20
59.0,admin.,married,secondary,2343,1042
46.0,self-employed,married,tertiary,137,246
51.0,blue-collar,married,primary,173,529
56.0,admin.,married,secondary,45,1467
41.0,technician,married,secondary,1270,1389
46.0,management,divorced,secondary,16,188
57.0,retired,married,secondary,486,180
42.0,management,single,secondary,50,48
30.0,technician,married,secondary,152,213
60.0,admin.,married,secondary,290,583
60.0,blue-collar,married,unknown,54,221
57.0,entrepreneur,divorced,secondary,-37,173
36.0,management,married,tertiary,101,426
55.0,blue-collar,married,secondary,383,287
60.0,retired,married,tertiary,81,101
39.0,technician,married,secondary,0,203
46.0,management,married,tertiary,229,197
44.0,blue-collar,married,secondary,-674,257
53.0,blue-collar,married,primary,90,124
52.0,blue-collar,married,primary,128,229
59.0,blue-collar,married,primary,179,55
27.0,technician,single,tertiary,0,400
44.0,blue-collar,married,secondary,54,197
47.0,technician,married,tertiary,151,190
34.0,admin.,married,secondary,61,21
59.0,retired,single,secondary,30,514
45.0,management,married,tertiary,523,849
29.0,services,divorced,secondary,31,zero
46.0,technician,divorced,secondary,79,144
56.0,self-employed,married,primary,-34,212
36.0,blue-collar,married,primary,448,286
59.0,retired,divorced,primary,81,107
44.0,blue-collar,married,secondary,144,247
41.0,admin.,married,secondary,351,518
33.0,management,single,tertiary,-67,364
59.0,management,divorced,tertiary,262,178
57.0,technician,married,primary,0,98
56.0,technician,divorced,unknown,56,439
51.0,blue-collar,married,secondary,26,79
34.0,admin.,married,unknown,3,120
43.0,services,married,secondary,41,127
52.0,technician,married,tertiary,7,175
33.0,technician,single,secondary,105,262
29.0,admin.,single,secondary,818,61
34.0,services,married,secondary,-16,78
31.0,blue-collar,married,secondary,0,143
55.0,services,married,secondary,2476,579
55.0,management,married,unknown,1185,677
32.0,admin.,single,secondary,217,345
38.0,technician,single,secondary,1685,185
55.0,admin.,single,secondary,802,100
28.0,unemployed,single,tertiary,0,125
23.0,blue-collar,married,secondary,94,193
32.0,technician,single,secondary,0,136
43.0,services,single,unknown,0,73
32.0,blue-collar,married,secondary,517,528
46.0,blue-collar,married,secondary,265,541
53.0,housemaid,divorced,primary,947,163
34.0,self-employed,single,secondary,3,301
57.0,unemployed,married,tertiary,42,46
37.0,blue-collar,married,secondary,37,204
59.0,blue-collar,married,secondary,57,98
33.0,services,married,secondary,22,71
56.0,blue-collar,divorced,primary,8,157
48.0,unemployed,married,secondary,293,243
43.0,services,married,primary,3,186
54.0,blue-collar,married,primary,348,579
51.0,blue-collar,married,unknown,-19,163
26.0,student,single,secondary,0,610
40.0,management,married,tertiary,-4,2033
39.0,management,married,secondary,18,85
50.0,technician,married,primary,139,114
41.0,services,married,secondary,0,114
51.0,blue-collar,married,unknown,1883,57
60.0,retired,divorced,secondary,216,238
52.0,blue-collar,married,secondary,782,93
48.0,blue-collar,married,secondary,904,128
48.0,services,married,unknown,1705,107
39.0,technician,single,tertiary,47,181
47.0,services,single,secondary,176,303
40.0,blue-collar,married,secondary,1225,558
45.0,technician,married,secondary,86,270
26.0,admin.,single,secondary,82,228
52.0,management,married,tertiary,271,99
54.0,technician,married,secondary,1378,240
54.0,admin.,married,tertiary,184,673
50.0,blue-collar,married,primary,0,233
35.0,blue-collar,married,secondary,0,1056
44.0,services,married,secondary,1357,250
53.0,entrepreneur,married,unknown,19,252
35.0,retired,single,primary,434,138
60.0,admin.,divorced,secondary,92,130
53.0,admin.,divorced,secondary,1151,412
48.0,unemployed,married,secondary,41,179
34.0,technician,married,secondary,51,19
54.0,services,married,secondary,214,458
51.0,management,married,secondary,1161,717
31.0,services,married,tertiary,37,313
35.0,technician,divorced,secondary,787,683
35.0,services,married,secondary,59,1077
38.0,technician,married,secondary,253,416
36.0,admin.,married,tertiary,211,146
58.0,retired,married,primary,235,167
40.0,services,divorced,unknown,4384,315
54.0,management,married,secondary,4080,140
34.0,blue-collar,single,secondary,53,346
31.0,management,single,tertiary,0,562
51.0,retired,married,secondary,2127,172
33.0,management,married,tertiary,377,217
55.0,management,married,tertiary,73,142
42.0,admin.,married,secondary,445,67
34.0,blue-collar,married,secondary,243,291
33.0,blue-collar,single,secondary,307,309
38.0,services,married,secondary,155,248
50.0,technician,divorced,tertiary,173,98
43.0,management,married,tertiary,400,256
61.0,blue-collar,divorced,primary,1428,82
47.0,admin.,married,secondary,219,577
48.0,self-employed,married,tertiary,7,286
44.0,blue-collar,married,secondary,575,477
35.0,student,single,unknown,298,611
35.0,services,married,secondary,0,471
50.0,services,married,secondary,5699,381
41.0,management,married,tertiary,176,42
41.0,management,married,tertiary,517,251
39.0,services,single,unknown,257,408
42.0,retired,married,secondary,56,215
38.0,blue-collar,married,secondary,-390,287
53.0,retired,married,secondary,330,216
59.0,housemaid,divorced,primary,195,366
36.0,services,married,secondary,301,210
54.0,blue-collar,married,primary,-41,288
40.0,technician,married,tertiary,483,168
47.0,unknown,married,unknown,28,338
53.0,unemployed,married,unknown,13,410
46.0,housemaid,married,primary,965,177
39.0,management,married,tertiary,378,127
40.0,unemployed,married,secondary,219,zero
28.0,blue-collar,married,primary,324,175
35.0,entrepreneur,divorced,secondary,-69,300
55.0,retired,married,secondary,0,136
43.0,technician,divorced,unknown,205,1419
48.0,blue-collar,married,primary,278,125
58.0,management,married,unknown,1065,213
33.0,management,single,tertiary,34,27
36.0,blue-collar,married,unknown,1033,238
53.0,services,divorced,secondary,1467,124
47.0,blue-collar,married,primary,-12,18
31.0,services,married,secondary,388,730
57.0,entrepreneur,married,secondary,294,746
53.0,blue-collar,married,unknown,1827,121
55.0,blue-collar,married,primary,627,247
45.0,blue-collar,married,primary,25,40
53.0,admin.,divorced,secondary,315,181
37.0,blue-collar,married,primary,0,79
44.0,admin.,divorced,secondary,66,206
49.0,blue-collar,divorced,primary,-9,389
46.0,technician,married,secondary,349,127
43.0,entrepreneur,married,unknown,100,702
38.0,admin.,married,secondary,0,151
43.0,technician,married,secondary,434,117
49.0,management,married,tertiary,3237,232
42.0,management,married,unknown,275,408
22.0,blue-collar,single,secondary,0,179
40.0,management,married,tertiary,207,39
39.0,blue-collar,married,secondary,483,282
51.0,services,married,secondary,2248,714
49.0,admin.,married,secondary,428,50
53.0,blue-collar,married,secondary,0,181
34.0,services,single,secondary,0,142
33.0,technician,divorced,secondary,140,227
50.0,management,single,tertiary,297,119
39.0,blue-collar,married,primary,279,361
59.0,entrepreneur,divorced,secondary,901,73
30.0,technician,single,secondary,2573,67
36.0,services,married,secondary,143,350
40.0,blue-collar,married,secondary,475,332
53.0,blue-collar,married,secondary,70,611
34.0,management,single,tertiary,318,113
37.0,technician,married,secondary,275,132
42.0,management,divorced,tertiary,742,58
41.0,entrepreneur,married,primary,236,151
30.0,student,single,tertiary,25,89
37.0,management,single,tertiary,600,152
39.0,admin.,divorced,secondary,-349,611
41.0,blue-collar,married,primary,183,110
40.0,blue-collar,married,primary,0,463
42.0,management,single,tertiary,0,562
40.0,blue-collar,divorced,primary,0,962
57.0,technician,married,secondary,1078,10
56.0,entrepreneur,divorced,secondary,155,118
37.0,admin.,married,secondary,190,92
59.0,retired,married,secondary,319,143
39.0,services,divorced,secondary,-185,189
49.0,services,married,secondary,47,234
38.0,services,single,secondary,570,75
36.0,self-employed,married,tertiary,19,189
50.0,blue-collar,married,primary,61,621
41.0,admin.,married,secondary,-62,55
54.0,technician,married,tertiary,258,310
58.0,blue-collar,married,primary,76,156
30.0,blue-collar,single,secondary,0,5
33.0,admin.,single,secondary,352,225
47.0,admin.,married,secondary,368,125
50.0,technician,single,tertiary,339,2
32.0,blue-collar,married,secondary,1331,286
40.0,self-employed,married,secondary,672,164
37.0,management,married,tertiary,58,98
54.0,technician,single,unknown,447,742
24.0,student,single,secondary,423,226
54.0,management,married,tertiary,0,120
34.0,technician,married,secondary,19,362
56.0,technician,divorced,primary,13,357
31.0,blue-collar,single,secondary,3,200
24.0,student,single,secondary,82,204
42.0,blue-collar,divorced,primary,28,126
57.0,technician,married,secondary,792,65
42.0,blue-collar,married,unknown,408,107
51.0,admin.,married,secondary,531,267
57.0,retired,married,secondary,211,248
36.0,services,single,secondary,62,215
53.0,services,married,unknown,257,209
50.0,technician,married,secondary,1234,205
54.0,management,married,tertiary,313,83
55.0,blue-collar,married,secondary,89,106
44.0,blue-collar,married,secondary,129,189
43.0,management,married,unknown,0,105
56.0,admin.,married,secondary,353,106
54.0,technician,married,unknown,851,108
55.0,services,divorced,primary,96,311
37.0,services,divorced,secondary,398,214
33.0,admin.,single,tertiary,193,132
46.0,admin.,married,secondary,-358,358
36.0,blue-collar,married,secondary,539,453
51.0,technician,single,secondary,0,364
40.0,retired,single,primary,0,136
42.0,blue-collar,married,secondary,490,386
51.0,blue-collar,married,secondary,0,173
49.0,blue-collar,married,unknown,403,241
48.0,management,married,secondary,161,224
32.0,technician,divorced,tertiary,2558,148
31.0,admin.,single,secondary,98,196
55.0,management,single,tertiary,115,111
40.0,blue-collar,single,secondary,436,231
47.0,technician,married,tertiary,831,316
57.0,technician,married,unknown,206,216
41.0,blue-collar,married,secondary,290,240
48.0,blue-collar,married,secondary,1,zero
42.0,blue-collar,married,unknown,57,425
30.0,blue-collar,single,secondary,-457,143
58.0,management,single,tertiary,1387,174
45.0,management,divorced,tertiary,24598,313
49.0,blue-collar,married,secondary,30,135
42.0,admin.,single,secondary,1022,146
53.0,technician,married,secondary,56,152
51.0,admin.,single,secondary,-2,402
32.0,services,single,secondary,121,213
41.0,blue-collar,single,secondary,842,144
43.0,management,divorced,secondary,693,124
40.0,blue-collar,divorced,secondary,-333,183
50.0,blue-collar,married,primary,1533,325
34.0,management,married,tertiary,46,39
53.0,services,married,unknown,18,503
45.0,technician,married,secondary,44,95
39.0,blue-collar,married,primary,-100,680
44.0,services,married,tertiary,510,421
55.0,management,married,tertiary,685,174
46.0,management,single,tertiary,187,113
45.0,blue-collar,married,secondary,66,808
34.0,admin.,married,secondary,560,198
36.0,blue-collar,married,secondary,0,195
59.0,unknown,divorced,unknown,27,347
31.0,admin.,single,secondary,12,208
44.0,blue-collar,single,secondary,34,404
33.0,entrepreneur,single,tertiary,1068,396
40.0,blue-collar,married,secondary,211,216
46.0,admin.,single,tertiary,377,98
48.0,management,married,tertiary,263,350
42.0,services,married,secondary,1263,114
27.0,services,married,secondary,8,88
48.0,admin.,married,secondary,126,379
59.0,admin.,married,secondary,230,190
46.0,technician,married,tertiary,841,158
38.0,admin.,divorced,secondary,308,102
43.0,management,divorced,tertiary,1,306
38.0,admin.,divorced,tertiary,86,218
23.0,student,single,secondary,157,54
34.0,services,married,secondary,22,344
38.0,admin.,married,secondary,46,195
37.0,blue-collar,married,secondary,1293,652
25.0,admin.,single,secondary,122,286
48.0,blue-collar,married,unknown,131,189
49.0,blue-collar,single,secondary,143,83
38.0,admin.,single,secondary,393,184
43.0,blue-collar,married,primary,98,235
33.0,management,married,tertiary,0,290
55.0,blue-collar,married,secondary,224,232
38.0,blue-collar,married,secondary,757,133
49.0,services,married,secondary,245,318
40.0,management,married,secondary,8486,260
43.0,admin.,married,unknown,350,437
38.0,blue-collar,married,secondary,20,402
58.0,services,married,secondary,1667,85
57.0,technician,married,unknown,345,125
32.0,unemployed,married,secondary,10,501
56.0,management,married,tertiary,830,1201
58.0,blue-collar,divorced,unknown,29,253
60.0,retired,divorced,secondary,545,1030
37.0,technician,married,tertiary,8730,149
46.0,technician,divorced,tertiary,477,114
27.0,admin.,married,secondary,4,243
43.0,blue-collar,married,secondary,1205,769
32.0,technician,single,secondary,0,135
40.0,admin.,single,secondary,263,231
38.0,admin.,married,secondary,1,76
34.0,blue-collar,married,secondary,283,199
47.0,blue-collar,married,primary,206,152
42.0,housemaid,married,primary,17,124
48.0,technician,married,secondary,141,424
29.0,self-employed,single,tertiary,16,43
50.0,services,married,secondary,206,154
52.0,technician,married,unknown,7,203
50.0,management,married,tertiary,0,326
58.0,retired,married,tertiary,0,393
46.0,blue-collar,divorced,primary,1927,241
38.0,technician,married,secondary,284,483
46.0,blue-collar,married,secondary,1660,259
32.0,services,single,secondary,406,227
51.0,blue-collar,married,primary,230,673
39.0,admin.,single,secondary,-25,576
48.0,admin.,married,secondary,182,180
36.0,entrepreneur,married,tertiary,1169,168
34.0,admin.,divorced,secondary,67,90
40.0,technician,married,secondary,77,505
43.0,unemployed,married,secondary,0,245
52.0,blue-collar,divorced,primary,55,186
33.0,technician,married,secondary,72,623
49.0,management,single,tertiary,163,496
32.0,management,single,tertiary,151,118
39.0,admin.,single,secondary,113,342
40.0,blue-collar,married,secondary,0,225
38.0,technician,single,tertiary,9,185
43.0,management,married,secondary,375,196
39.0,services,married,secondary,1142,276
54.0,blue-collar,married,primary,2102,76
38.0,technician,single,tertiary,4325,87
40.0,blue-collar,married,secondary,217,195
55.0,admin.,married,secondary,131,744
42.0,management,married,tertiary,1680,765
39.0,blue-collar,married,secondary,0,262
40.0,blue-collar,married,primary,46,119
32.0,blue-collar,married,secondary,320,198
55.0,admin.,married,secondary,183,150
45.0,blue-collar,married,secondary,39,241
35.0,management,single,tertiary,560,181
58.0,technician,divorced,secondary,469,196
35.0,admin.,married,secondary,530,149
49.0,services,married,primary,61,zero
34.0,technician,single,tertiary,242,112
36.0,blue-collar,married,secondary,139,309
24.0,self-employed,single,secondary,0,278
34.0,technician,married,secondary,367,140
51.0,admin.,divorced,secondary,228,136
39.0,technician,single,unknown,45248,1623
50.0,self-employed,married,unknown,-84,101
32.0,services,single,secondary,310,144
42.0,blue-collar,married,unknown,132,238
50.0,technician,married,secondary,797,354
40.0,services,married,secondary,71,79
46.0,management,divorced,unknown,2,187
37.0,management,married,tertiary,231,451
34.0,blue-collar,married,secondary,270,159
44.0,blue-collar,married,secondary,274,409
40.0,admin.,single,secondary,-109,170
37.0,technician,married,secondary,1,608
33.0,blue-collar,single,secondary,-60,243
35.0,blue-collar,married,secondary,89,145
58.0,blue-collar,divorced,secondary,-11,112
39.0,blue-collar,married,primary,0,262
43.0,blue-collar,married,secondary,-509,124
39.0,unemployed,married,primary,408,53
36.0,services,single,primary,58,134
57.0,retired,single,secondary,1640,204
36.0,admin.,single,secondary,20,186
50.0,blue-collar,married,primary,71,678
55.0,blue-collar,married,secondary,52,182
44.0,self-employed,married,tertiary,292,162
44.0,services,divorced,secondary,424,27
39.0,housemaid,single,primary,109,699
46.0,blue-collar,married,unknown,1044,43
39.0,blue-collar,married,secondary,983,97
34.0,admin.,married,secondary,869,1677
40.0,blue-collar,married,primary,668,283
50.0,management,married,tertiary,964,323
31.0,management,single,secondary,301,82
37.0,admin.,single,secondary,140,310
39.0,management,single,secondary,1877,185
51.0,blue-collar,married,primary,1127,47
41.0,technician,married,secondary,871,145
41.0,technician,married,secondary,767,204
43.0,blue-collar,married,secondary,0,187
30.0,services,single,secondary,209,30
54.0,management,divorced,primary,0,472
43.0,blue-collar,divorced,secondary,110,448
59.0,management,divorced,tertiary,-76,264
47.0,technician,married,unknown,178,169
40.0,blue-collar,married,primary,-66,288
32.0,technician,married,secondary,0,176
29.0,blue-collar,married,secondary,1,215
36.0,blue-collar,married,secondary,0,337
55.0,unemployed,married,tertiary,5345,278
30.0,blue-collar,divorced,secondary,-209,188
39.0,admin.,single,secondary,0,174
39.0,blue-collar,divorced,secondary,42,226
50.0,blue-collar,divorced,secondary,41,190
44.0,blue-collar,married,secondary,-99,111
37.0,technician,single,secondary,17,164
46.0,admin.,married,primary,276,157
32.0,technician,single,unknown,-170,46
37.0,management,single,tertiary,230,374
29.0,blue-collar,married,secondary,9,349
41.0,blue-collar,married,secondary,946,325
45.0,blue-collar,married,primary,1297,233
57.0,retired,divorced,secondary,-331,531
48.0,blue-collar,single,secondary,44,153
60.0,retired,married,secondary,15,80
26.0,admin.,single,secondary,712,232
58.0,retired,married,secondary,5435,118
34.0,admin.,married,secondary,507,190
55.0,unemployed,divorced,secondary,387,918
41.0,blue-collar,married,primary,0,238
50.0,management,divorced,secondary,1716,82
49.0,entrepreneur,married,secondary,167,198
44.0,admin.,married,unknown,40,160
44.0,blue-collar,married,primary,148,211
31.0,technician,married,secondary,17,120
34.0,blue-collar,single,tertiary,1011,136
46.0,management,single,unknown,1527,269
42.0,management,married,tertiary,744,157
52.0,admin.,married,secondary,484,128
29.0,management,single,tertiary,0,211
53.0,retired,married,primary,136,267
43.0,blue-collar,married,secondary,1335,371
38.0,management,married,secondary,517,288
46.0,management,married,tertiary,459,221
48.0,management,divorced,unknown,549,427
30.0,admin.,divorced,secondary,83,310
44.0,blue-collar,married,primary,213,158
31.0,housemaid,married,primary,203,604
42.0,services,single,secondary,518,198
40.0,management,single,tertiary,3877,145
52.0,admin.,married,secondary,1236,247
45.0,blue-collar,divorced,secondary,756,179
48.0,blue-collar,married,secondary,157,73
45.0,blue-collar,married,primary,-66,263
34.0,blue-collar,married,unknown,245,13
34.0,blue-collar,married,primary,-144,79
46.0,blue-collar,married,secondary,71,416
49.0,services,divorced,secondary,505,162
50.0,technician,married,primary,249,129
34.0,admin.,single,secondary,0,150
40.0,unemployed,single,secondary,11,43
36.0,admin.,married,secondary,639,191
59.0,blue-collar,divorced,unknown,124,26
45.0,blue-collar,married,secondary,82,250
36.0,self-employed,married,tertiary,107,146
56.0,services,married,secondary,473,416
42.0,services,divorced,secondary,372,zero
30.0,admin.,married,secondary,46,114
30.0,student,single,tertiary,34,289
47.0,self-employed,married,unknown,935,225
33.0,blue-collar,married,secondary,-10,123
36.0,admin.,married,secondary,-106,130
39.0,services,divorced,primary,471,161
56.0,admin.,divorced,secondary,778,149
39.0,blue-collar,divorced,unknown,170,268
42.0,technician,married,secondary,315,259
52.0,blue-collar,married,secondary,3165,26
36.0,admin.,divorced,secondary,131,153
35.0,entrepreneur,married,secondary,204,424
47.0,technician,married,secondary,83,179
59.0,services,divorced,secondary,0,97
57.0,blue-collar,married,primary,5431,383
38.0,management,married,unknown,1759,440
46.0,unemployed,married,secondary,-125,23
34.0,blue-collar,married,secondary,0,195
28.0,services,single,secondary,5090,1297
38.0,technician,married,unknown,573,87
56.0,blue-collar,married,secondary,1602,427
41.0,blue-collar,single,primary,-137,189
52.0,technician,married,unknown,0,195
54.0,services,married,secondary,193,179
61.0,retired,married,secondary,195,179
53.0,entrepreneur,married,secondary,288,69
47.0,technician,married,secondary,19,105
53.0,blue-collar,married,primary,25,266
46.0,services,married,secondary,216,524
39.0,blue-collar,divorced,primary,190,96
56.0,technician,divorced,secondary,99,155
55.0,services,divorced,primary,2298,162
44.0,management,married,tertiary,17,352
37.0,technician,married,primary,0,76
35.0,blue-collar,married,primary,0,154
55.0,blue-collar,married,secondary,840,310
37.0,services,married,secondary,358,390
30.0,technician,single,secondary,0,369
37.0,blue-collar,married,primary,-325,112
36.0,technician,single,secondary,-15,341
38.0,technician,married,secondary,581,79
41.0,admin.,divorced,primary,4070,140
48.0,retired,married,secondary,74,315
55.0,services,divorced,secondary,141,262
28.0,services,divorced,secondary,89,174
54.0,services,married,secondary,0,138
30.0,blue-collar,married,secondary,450,526
48.0,technician,married,tertiary,310,135
31.0,self-employed,married,secondary,0,36
38.0,blue-collar,married,secondary,384,1906
37.0,blue-collar,married,secondary,395,219
37.0,services,single,unknown,-118,147
56.0,blue-collar,married,primary,5,407
51.0,blue-collar,married,secondary,50,121
39.0,blue-collar,married,secondary,285,209
49.0,technician,married,unknown,15,92
51.0,blue-collar,married,primary,653,208
43.0,self-employed,married,secondary,918,193
32.0,services,married,secondary,243,144
29.0,technician,single,tertiary,405,65
48.0,management,divorced,tertiary,1328,339
55.0,services,married,primary,255,285
53.0,blue-collar,married,secondary,3397,231
47.0,technician,married,unknown,2106,168
39.0,management,married,tertiary,2877,278
31.0,blue-collar,single,tertiary,60,389
39.0,blue-collar,married,primary,2226,158
40.0,blue-collar,married,primary,2880,145
40.0,technician,single,unknown,-5,78
48.0,technician,married,secondary,147,142
33.0,technician,divorced,secondary,7,87
40.0,technician,married,secondary,109,147
59.0,retired,married,primary,-119,289
30.0,technician,married,secondary,484,703
31.0,management,single,tertiary,1852,170
35.0,unemployed,married,secondary,533,802
54.0,technician,divorced,secondary,21,381
34.0,admin.,single,unknown,2434,218
32.0,technician,married,secondary,90,57
56.0,admin.,divorced,unknown,4246,304
32.0,admin.,single,tertiary,395,241
42.0,blue-collar,married,primary,15,230
33.0,services,married,tertiary,85,262
52.0,entrepreneur,married,tertiary,-184,392
52.0,services,married,secondary,660,201
52.0,blue-collar,divorced,primary,-183,145
30.0,unemployed,divorced,secondary,1144,252
44.0,services,divorced,secondary,1,235
35.0,admin.,married,secondary,69,235
55.0,management,single,secondary,220,328
33.0,blue-collar,married,primary,332,116
37.0,blue-collar,single,secondary,240,246
42.0,technician,single,secondary,0,293
43.0,unemployed,married,secondary,0,37
38.0,entrepreneur,married,tertiary,898,132
37.0,technician,married,secondary,123,530
31.0,student,single,secondary,252,175
41.0,management,married,tertiary,65,524
41.0,technician,married,secondary,-366,29
29.0,student,single,secondary,209,311
38.0,admin.,single,secondary,221,211
44.0,self-employed,divorced,tertiary,4,312
39.0,admin.,married,secondary,104,412
28.0,technician,single,secondary,312,392
33.0,blue-collar,married,secondary,-349,191
41.0,services,married,unknown,4,284
40.0,blue-collar,married,primary,-322,144
29.0,admin.,married,secondary,-150,328
38.0,management,married,unknown,1349,100
32.0,admin.,married,tertiary,281,zero
45.0,services,married,secondary,1259,507
33.0,admin.,single,secondary,101,392
34.0,blue-collar,married,secondary,848,684
41.0,entrepreneur,married,unknown,89,333
41.0,blue-collar,married,secondary,140,311
35.0,admin.,single,secondary,148,128
40.0,technician,single,secondary,200,322
60.0,self-employed,married,primary,46,202
47.0,services,divorced,secondary,201,92
46.0,blue-collar,married,primary,530,739
31.0,blue-collar,single,secondary,0,273
49.0,self-employed,married,secondary,1,260
29.0,blue-collar,married,secondary,43,268
31.0,management,single,tertiary,-173,396
38.0,management,married,tertiary,389,262
37.0,blue-collar,married,primary,215,308
35.0,technician,married,secondary,-131,467
31.0,management,single,secondary,783,320
41.0,admin.,married,secondary,0,160
46.0,services,married,unknown,80,245
40.0,services,divorced,secondary,105,189
29.0,admin.,married,secondary,182,477
49.0,admin.,married,secondary,82,310
42.0,management,married,tertiary,0,65
54.0,services,married,secondary,510,196
40.0,management,single,tertiary,242,221
53.0,admin.,married,secondary,244,197
49.0,management,married,tertiary,92,221
40.0,blue-collar,married,primary,0,64
29.0,student,single,secondary,948,75
36.0,blue-collar,married,primary,23,400
37.0,technician,married,secondary,710,378
39.0,services,married,secondary,1205,118
36.0,technician,married,secondary,368,1597
44.0,entrepreneur,married,tertiary,1631,346
40.0,admin.,married,secondary,6,60
49.0,blue-collar,married,secondary,26,276
30.0,technician,single,unknown,-48,152
57.0,management,married,tertiary,2142,251
24.0,services,single,secondary,77,390
46.0,blue-collar,married,unknown,401,306
33.0,admin.,married,secondary,21,189
43.0,services,divorced,secondary,0,125
43.0,admin.,single,secondary,-497,234
40.0,blue-collar,divorced,primary,369,79
44.0,technician,single,unknown,78,13
35.0,technician,single,tertiary,226,283
47.0,technician,married,secondary,503,109
33.0,blue-collar,married,secondary,372,132
31.0,admin.,married,secondary,0,144
40.0,blue-collar,divorced,secondary,0,121
36.0,entrepreneur,married,tertiary,125,95
56.0,retired,divorced,primary,4,31
40.0,admin.,single,unknown,419,112
41.0,admin.,divorced,secondary,322,87
53.0,retired,married,secondary,303,593
39.0,blue-collar,married,secondary,607,99
44.0,blue-collar,divorced,secondary,579,198
38.0,admin.,married,secondary,3047,285
54.0,technician,divorced,secondary,83,190
58.0,management,married,tertiary,68,172
52.0,blue-collar,married,primary,58,213
28.0,admin.,single,secondary,251,178
36.0,blue-collar,married,secondary,688,174
60.0,retired,married,primary,364,631
42.0,services,divorced,secondary,55,176
42.0,admin.,married,secondary,101,32
44.0,management,married,tertiary,105,1529
51.0,blue-collar,divorced,primary,325,254
49.0,blue-collar,married,primary,198,200
47.0,entrepreneur,married,unknown,209,135
37.0,blue-collar,married,secondary,183,112
34.0,management,married,tertiary,105,314
35.0,services,married,secondary,109,597
35.0,blue-collar,single,secondary,376,207
40.0,blue-collar,married,primary,-7,410
55.0,technician,married,secondary,0,160
55.0,retired,married,secondary,143,42
35.0,management,single,tertiary,550,55
57.0,blue-collar,married,primary,162,155
53.0,management,married,tertiary,115,336
41.0,blue-collar,married,primary,512,233
57.0,blue-collar,married,unknown,807,211
45.0,blue-collar,married,unknown,248,88
43.0,blue-collar,married,primary,1211,208
56.0,self-employed,married,unknown,7,305
31.0,entrepreneur,married,tertiary,281,206
37.0,blue-collar,single,secondary,88,128
30.0,management,married,tertiary,32,122
30.0,admin.,single,secondary,115,66
54.0,blue-collar,married,secondary,254,66
36.0,management,married,tertiary,144,164
55.0,unemployed,married,tertiary,383,343
37.0,admin.,single,secondary,569,126
38.0,housemaid,married,secondary,0,59
48.0,admin.,married,secondary,3754,249
55.0,housemaid,divorced,tertiary,6920,406
59.0,services,married,secondary,307,250
37.0,technician,married,secondary,-421,183
33.0,blue-collar,divorced,secondary,60,190
44.0,blue-collar,married,primary,67,220
57.0,technician,married,secondary,402,153
30.0,self-employed,single,tertiary,800,95
42.0,technician,married,tertiary,239,191
51.0,blue-collar,divorced,secondary,421,216
44.0,admin.,divorced,secondary,161,89
46.0,technician,married,secondary,289,51
29.0,student,single,secondary,110,169
39.0,blue-collar,married,primary,245,148
42.0,services,married,secondary,0,zero
50.0,blue-collar,married,primary,156,117
42.0,technician,single,secondary,0,275
39.0,admin.,married,secondary,20,124
55.0,technician,single,tertiary,92,118
46.0,services,married,secondary,89,479
42.0,blue-collar,married,secondary,166,285
45.0,management,married,tertiary,103,35
43.0,blue-collar,married,primary,-454,322
42.0,admin.,married,secondary,445,202
30.0,admin.,married,secondary,4,172
47.0,blue-collar,married,secondary,1001,201
51.0,services,divorced,secondary,-69,216
38.0,technician,single,secondary,42,195
57.0,technician,married,unknown,1617,96
42.0,management,divorced,tertiary,221,720
32.0,technician,divorced,secondary,210,188
46.0,management,married,tertiary,0,70
29.0,student,single,tertiary,185,141
59.0,retired,married,secondary,836,106
32.0,blue-collar,single,secondary,301,395
44.0,blue-collar,married,primary,503,629
40.0,retired,married,primary,407,502
31.0,blue-collar,single,secondary,53,446
46.0,self-employed,married,tertiary,2303,241
43.0,management,married,tertiary,144,131
34.0,services,married,secondary,205,312
39.0,management,married,tertiary,305,275
30.0,blue-collar,divorced,secondary,251,120
56.0,retired,married,secondary,0,333
29.0,technician,married,secondary,8,113
40.0,blue-collar,divorced,secondary,139,91
36.0,services,married,secondary,184,128
37.0,blue-collar,single,secondary,238,200
35.0,admin.,married,secondary,0,326
35.0,blue-collar,married,primary,0,292
47.0,services,married,primary,222,68
31.0,services,married,secondary,414,215
56.0,retired,single,primary,223,97
57.0,technician,married,secondary,197,32
36.0,blue-collar,married,secondary,-251,162
45.0,self-employed,divorced,secondary,-139,152
47.0,blue-collar,married,unknown,733,268
29.0,technician,single,tertiary,0,104
57.0,services,married,secondary,1,852
45.0,blue-collar,married,primary,97,923
31.0,blue-collar,single,primary,435,159
31.0,management,divorced,tertiary,0,953
37.0,technician,single,tertiary,147,416
30.0,technician,single,tertiary,3,174
58.0,services,divorced,secondary,1109,180
33.0,services,married,secondary,404,139
39.0,blue-collar,married,primary,981,294
33.0,blue-collar,single,primary,95,102
34.0,services,married,secondary,302,124
36.0,services,divorced,secondary,-290,128
37.0,services,single,secondary,259,130
35.0,blue-collar,married,secondary,527,143
55.0,retired,married,secondary,102,74
34.0,management,single,tertiary,872,105
40.0,management,divorced,tertiary,490,477
42.0,blue-collar,single,primary,19,158
37.0,blue-collar,married,secondary,16,250
42.0,management,married,tertiary,386,168
35.0,technician,single,secondary,539,520
44.0,technician,divorced,secondary,-329,171
30.0,services,single,secondary,-174,113
45.0,entrepreneur,married,secondary,68,254
35.0,blue-collar,single,unknown,-532,149
36.0,admin.,divorced,secondary,0,133
49.0,blue-collar,married,secondary,64,293
31.0,blue-collar,single,secondary,1415,485
31.0,technician,single,secondary,147,374
39.0,blue-collar,married,secondary,72,425
37.0,services,single,secondary,-196,207
33.0,blue-collar,married,primary,716,83
37.0,management,married,tertiary,0,228
42.0,services,married,secondary,-246,149
56.0,blue-collar,married,secondary,-203,139
37.0,admin.,single,secondary,245,732
36.0,services,single,secondary,342,142
29.0,technician,single,tertiary,3,359
54.0,management,married,tertiary,-248,112
38.0,blue-collar,married,secondary,376,1521
43.0,blue-collar,divorced,secondary,370,216
47.0,admin.,single,secondary,594,161
47.0,blue-collar,married,secondary,387,122
38.0,services,married,secondary,208,800
40.0,blue-collar,married,secondary,563,615
33.0,services,divorced,secondary,392,254
33.0,retired,married,secondary,165,111
53.0,admin.,divorced,unknown,236,354
37.0,services,married,primary,52,359
40.0,management,single,tertiary,1265,97
37.0,blue-collar,married,primary,693,327
35.0,technician,married,secondary,118,236
49.0,blue-collar,married,primary,3659,160
26.0,blue-collar,single,secondary,24,180
38.0,management,single,tertiary,673,184
52.0,self-employed,married,secondary,273,227
33.0,services,divorced,secondary,327,109
31.0,admin.,single,secondary,299,492
32.0,blue-collar,married,secondary,0,298
35.0,blue-collar,single,primary,109,83
55.0,management,divorced,tertiary,552,241
32.0,blue-collar,divorced,primary,473,204
37.0,unknown,single,unknown,414,131
45.0,blue-collar,married,secondary,154,1138
31.0,technician,married,secondary,344,123
38.0,admin.,married,secondary,8,125
37.0,services,married,secondary,78,zero
38.0,blue-collar,married,secondary,266,287
33.0,housemaid,married,tertiary,98,109
38.0,blue-collar,married,primary,83,140
37.0,management,single,tertiary,45,204
29.0,unemployed,married,tertiary,8,233
42.0,management,married,tertiary,263,254
40.0,blue-collar,married,secondary,306,184
32.0,management,married,tertiary,233,193
47.0,management,divorced,tertiary,447,126
29.0,student,single,secondary,872,230
53.0,services,divorced,primary,-291,591
31.0,services,married,tertiary,309,294
59.0,blue-collar,married,secondary,202,173
29.0,entrepreneur,married,primary,56,336
59.0,blue-collar,married,primary,229,19
44.0,blue-collar,married,primary,143,153
38.0,admin.,single,secondary,100,786
49.0,admin.,married,secondary,326,99
43.0,blue-collar,married,secondary,167,243
52.0,admin.,single,secondary,545,260
40.0,admin.,married,secondary,2100,164
32.0,services,married,secondary,0,255
47.0,admin.,married,primary,192,47
33.0,management,married,tertiary,442,463
35.0,management,married,tertiary,267,192
27.0,services,single,secondary,0,388
50.0,blue-collar,married,primary,377,221
44.0,retired,married,secondary,7624,126
43.0,self-employed,married,primary,66,175
51.0,blue-collar,married,unknown,37,256
32.0,admin.,single,secondary,64,202
47.0,management,divorced,tertiary,34,104
34.0,admin.,divorced,secondary,627,283
57.0,self-employed,married,primary,1013,448
43.0,admin.,single,secondary,140,127
40.0,services,single,tertiary,8823,378
28.0,blue-collar,single,secondary,97,67
38.0,blue-collar,married,unknown,5,221
37.0,unemployed,divorced,secondary,74,150
44.0,admin.,married,secondary,58544,144
41.0,technician,married,secondary,169,296
37.0,self-employed,married,tertiary,444,401
30.0,services,single,tertiary,542,435
32.0,blue-collar,married,secondary,-205,388
30.0,management,single,tertiary,112,245
35.0,services,married,secondary,39,143
55.0,blue-collar,married,secondary,1268,223
52.0,blue-collar,married,secondary,-98,423
33.0,admin.,married,secondary,44,231
55.0,retired,married,primary,-90,634
33.0,blue-collar,married,secondary,0,107
40.0,blue-collar,married,secondary,-94,227
39.0,blue-collar,married,secondary,-345,69
54.0,blue-collar,married,secondary,-932,799
39.0,blue-collar,married,primary,20,109
49.0,blue-collar,married,secondary,90,127
52.0,admin.,married,secondary,31,120
27.0,management,single,tertiary,134,68
26.0,services,married,secondary,0,180
40.0,blue-collar,married,secondary,61,112
47.0,blue-collar,married,secondary,-5,444
31.0,services,single,secondary,-45,246
53.0,blue-collar,single,secondary,156,259
31.0,services,married,secondary,564,223
33.0,admin.,married,secondary,-6,566
35.0,services,married,secondary,528,274
46.0,entrepreneur,married,unknown,1481,49
31.0,management,married,secondary,2019,380
35.0,technician,single,secondary,1855,138
29.0,management,married,secondary,147,376
51.0,technician,married,secondary,220,421
33.0,blue-collar,married,primary,198,121
37.0,management,married,tertiary,115,36
43.0,admin.,single,unknown,87,328
42.0,technician,married,tertiary,644,19
28.0,blue-collar,married,secondary,225,866
57.0,retired,married,secondary,502,229
38.0,services,married,secondary,-32,154
39.0,blue-collar,married,primary,106,56
36.0,technician,married,tertiary,301,1581
57.0,retired,married,tertiary,906,117
44.0,management,married,unknown,187,185
48.0,services,divorced,secondary,852,202
46.0,blue-collar,married,primary,143,279
43.0,admin.,married,secondary,71,180
49.0,services,married,secondary,1496,218
29.0,services,single,secondary,703,129
53.0,blue-collar,married,secondary,732,530
30.0,services,single,secondary,21,104
41.0,management,divorced,secondary,276,60
33.0,technician,married,secondary,0,432
47.0,blue-collar,married,primary,550,113
58.0,retired,married,secondary,268,516
31.0,unemployed,married,secondary,-825,179
38.0,admin.,single,secondary,137,125
60.0,retired,married,secondary,42,386
33.0,management,single,tertiary,54,262
33.0,unemployed,single,tertiary,1716,396
52.0,admin.,married,primary,270,294
42.0,blue-collar,married,primary,803,171
30.0,technician,single,secondary,102,614
33.0,entrepreneur,divorced,tertiary,188,118
46.0,admin.,divorced,secondary,207,485
51.0,blue-collar,married,primary,1466,406
40.0,unemployed,single,secondary,350,287
50.0,admin.,married,secondary,159,216
42.0,entrepreneur,married,tertiary,157,650
38.0,technician,married,secondary,0,55
36.0,admin.,single,primary,91,371
37.0,unemployed,divorced,primary,849,zero
33.0,management,married,tertiary,436,48
38.0,blue-collar,single,secondary,-1,72
52.0,blue-collar,married,tertiary,297,55
29.0,blue-collar,married,secondary,313,144
37.0,blue-collar,married,primary,310,474
34.0,admin.,married,secondary,475,559
43.0,blue-collar,married,primary,61,261
49.0,services,married,secondary,1377,1101
33.0,technician,single,secondary,56,236
,admin.,married,unknown,0,164
,technician,married,secondary,73,93
,blue-collar,single,primary,660,912
,services,married,primary,-79,179
,blue-collar,divorced,secondary,558,485
,services,single,secondary,342,206
,blue-collar,married,unknown,-4,311
,blue-collar,married,unknown,225,690
,blue-collar,married,primary,267,362
,services,married,primary,46,274
,blue-collar,married,primary,624,163
,technician,divorced,secondary,1107,345
,admin.,single,secondary,573,329
,management,single,tertiary,406,68
,services,divorced,secondary,220,143
,blue-collar,married,secondary,2308,1062
,blue-collar,divorced,primary,139,71
,admin.,married,secondary,367,106
,entrepreneur,divorced,primary,278,688
,blue-collar,married,primary,229,103
,entrepreneur,married,tertiary,1722,349
,technician,married,secondary,-500,78
,admin.,divorced,secondary,308,194
,technician,divorced,tertiary,1026,224
,blue-collar,single,primary,548,98
,blue-collar,married,secondary,356,607
,technician,married,primary,164,398
,management,married,tertiary,211,103
,blue-collar,married,primary,19,241
,blue-collar,married,secondary,108,203
,management,married,tertiary,308,96
,services,divorced,secondary,7,238
,technician,married,tertiary,16,153
,blue-collar,married,primary,867,481
,blue-collar,single,secondary,277,2177
,blue-collar,divorced,primary,196,119
,blue-collar,single,primary,365,245
,blue-collar,divorced,secondary,1310,152
,technician,married,secondary,186,418
,services,single,primary,148,198
,blue-collar,married,primary,862,198
,admin.,married,secondary,359,374
,blue-collar,married,primary,190,51
,blue-collar,married,secondary,4,263
,admin.,divorced,secondary,0,229
,blue-collar,married,secondary,42,154
,management,single,tertiary,2605,278
,technician,single,tertiary,60,306
,management,married,primary,98,114
,technician,single,secondary,-181,94
,technician,married,secondary,118,208
,blue-collar,married,secondary,-15,169
,student,single,secondary,671,332
,blue-collar,married,secondary,1557,263
,blue-collar,married,primary,-20,353
,blue-collar,married,primary,323,108
,blue-collar,married,primary,-171,441
,blue-collar,married,secondary,438,46
,blue-collar,married,secondary,316,266
,services,single,secondary,174,223
,blue-collar,married,secondary,442,105
,technician,married,secondary,786,165
,technician,divorced,tertiary,-317,381
,blue-collar,married,secondary,667,228
,services,single,secondary,-158,128
,management,married,tertiary,72,764
,entrepreneur,married,primary,58,113
,services,divorced,secondary,396,396
,blue-collar,married,primary,10,133
,management,single,unknown,2887,42
,management,married,secondary,0,234
,admin.,married,secondary,89,297
,unknown,single,primary,50,50
,blue-collar,single,secondary,29,214
,blue-collar,married,primary,420,110
,services,single,primary,114,99
,housemaid,married,secondary,365,274
,blue-collar,single,secondary,0,191
,management,married,primary,-24,305
,technician,married,tertiary,743,134
,self-employed,married,primary,0,112
,technician,single,secondary,99,283
,blue-collar,married,secondary,22,353
,blue-collar,married,primary,251,212
,blue-collar,married,secondary,615,225
,admin.,married,primary,136,283
,blue-collar,single,unknown,2167,1273
,blue-collar,married,secondary,309,1574
,technician,married,secondary,221,139
,blue-collar,married,primary,321,228
