my_index,age,job,marital,education,balance,duration,age_divided,smoker,travelled before,day
0,58,management,married,tertiary,2143,261,old_customers,yes,yes,day 1
1,44,technician,single,secondary,29,151,old_customers,yes,no,day 3
2,33,entrepreneur,married,secondary,2,76,young_customers,no,no,day 2
3,47,blue-collar,married,unknown,1506,92,old_customers,yes,no,day 1
4,33,unknown,single,unknown,1,198,young_customers,no,yes,day 4
5,35,management,married,tertiary,231,139,young_customers,no,no,day 1
6,28,management,single,tertiary,447,217,young_customers,yes,no,day 3
7,42,entrepreneur,divorced,tertiary,2,380,young_customers,yes,yes,day 2
8,58,retired,married,primary,121,50,old_customers,no,no,day 1
9,43,technician,single,secondary,593,55,old_customers,yes,no,day 4
10,41,admin.,divorced,secondary,270,222,young_customers,no,no,day 1
11,29,admin.,single,secondary,390,137,young_customers,no,yes,day 3
12,53,technician,married,secondary,6,517,old_customers,yes,no,day 2
13,58,technician,married,unknown,71,71,old_customers,yes,no,day 1
14,57,services,married,secondary,162,174,old_customers,no,yes,day 4
15,51,retired,married,primary,229,353,old_customers,yes,no,day 1
16,45,admin.,single,unknown,13,98,old_customers,no,no,day 3
17,57,blue-collar,married,primary,52,38,old_customers,no,no,day 2
18,60,retired,married,primary,60,219,old_customers,yes,yes,day 1
19,33,services,married,secondary,0,54,young_customers,yes,no,day 4
20,28,blue-collar,married,secondary,723,262,young_customers,no,no,day 1
21,56,management,married,tertiary,779,164,old_customers,yes,yes,day 3
22,32,blue-collar,single,primary,23,160,young_customers,no,no,day 2
23,25,services,married,secondary,50,342,young_customers,no,no,day 1
24,40,retired,married,primary,0,181,young_customers,yes,no,day 4
25,44,admin.,married,secondary,-372,172,old_customers,yes,yes,day 1
26,39,management,single,tertiary,255,296,young_customers,no,no,day 3
27,52,entrepreneur,married,secondary,113,127,old_customers,yes,no,day 2
28,46,management,single,secondary,-246,255,old_customers,no,yes,day 1
29,36,technician,single,secondary,265,348,young_customers,no,no,day 4
30,57,technician,married,secondary,839,225,old_customers,yes,no,day 1
31,49,management,married,tertiary,378,230,old_customers,yes,no,day 3
32,60,admin.,married,secondary,39,208,old_customers,no,yes,day 2
33,59,blue-collar,married,secondary,0,226,old_customers,yes,no,day 1
34,51,management,married,tertiary,10635,336,old_customers,no,no,day 4
35,57,technician,divorced,secondary,63,242,old_customers,no,yes,day 1
36,25,blue-collar,married,secondary,-7,365,young_customers,yes,no,day 3
37,53,technician,married,secondary,-3,1666,old_customers,yes,no,day 2
38,36,admin.,divorced,secondary,506,577,young_customers,no,no,day 1
39,37,admin.,single,secondary,0,137,young_customers,yes,yes,day 4
40,44,services,divorced,secondary,2586,160,old_customers,no,no,day 1
41,50,management,married,secondary,49,180,old_customers,no,no,day 3
42,60,blue-collar,married,unknown,104,22,old_customers,yes,yes,day 2
43,54,retired,married,secondary,529,1492,old_customers,yes,no,day 1
44,58,retired,married,unknown,96,616,old_customers,no,no,day 4
45,36,admin.,single,primary,-171,242,young_customers,yes,no,day 1
46,58,self-employed,married,tertiary,-364,355,old_customers,no,yes,day 3
47,44,technician,married,secondary,0,225,old_customers,no,no,day 2
48,55,technician,divorced,secondary,0,160,old_customers,yes,no,day 1
49,29,management,single,tertiary,0,363,young_customers,yes,yes,day 4
50,54,blue-collar,married,secondary,1291,266,old_customers,no,no,day 1
51,48,management,divorced,tertiary,-244,253,old_customers,yes,no,day 3
52,32,management,married,tertiary,0,179,young_customers,no,no,day 2
53,42,admin.,single,secondary,-76,787,young_customers,no,yes,day 1
54,24,technician,single,secondary,-103,145,young_customers,yes,no,day 4
55,38,entrepreneur,single,tertiary,243,174,young_customers,yes,no,day 1
56,38,management,single,tertiary,424,104,young_customers,no,yes,day 3
57,47,blue-collar,married,unknown,306,13,old_customers,yes,no,day 2
58,40,blue-collar,single,unknown,24,185,young_customers,no,no,day 1
59,46,services,married,primary,179,1778,old_customers,no,no,day 4
60,32,admin.,married,tertiary,0,138,young_customers,yes,yes,day 1
61,53,technician,divorced,secondary,989,812,old_customers,yes,no,day 3
62,57,blue-collar,married,primary,249,164,old_customers,no,no,day 2
63,33,services,married,secondary,790,391,young_customers,yes,yes,day 1
64,49,blue-collar,married,unknown,154,357,old_customers,no,no,day 4
65,51,management,married,tertiary,6530,91,old_customers,no,no,day 1
66,60,retired,married,tertiary,100,528,old_customers,yes,no,day 3
67,59,management,divorced,tertiary,59,273,old_customers,yes,yes,day 2
68,55,technician,married,secondary,1205,158,old_customers,no,no,day 1
69,35,blue-collar,single,secondary,12223,177,young_customers,yes,no,day 4
70,57,blue-collar,married,secondary,5935,258,old_customers,no,yes,day 1
71,31,services,married,secondary,25,172,young_customers,no,no,day 3
72,54,management,married,secondary,282,154,old_customers,yes,no,day 2
73,55,blue-collar,married,primary,23,291,old_customers,yes,no,day 1
74,43,technician,married,secondary,1937,181,old_customers,no,yes,day 4
75,53,technician,married,secondary,384,176,old_customers,yes,no,day 1
76,44,blue-collar,married,secondary,582,211,old_customers,no,no,day 3
77,55,services,divorced,secondary,91,349,old_customers,no,yes,day 2
78,49,services,divorced,secondary,0,272,old_customers,yes,no,day 1
79,55,services,divorced,secondary,1,208,old_customers,yes,no,day 4
80,45,admin.,single,secondary,206,193,old_customers,no,no,day 1
81,47,services,divorced,secondary,164,212,old_customers,yes,yes,day 3
82,42,technician,single,secondary,690,20,young_customers,no,no,day 2
83,59,admin.,married,secondary,2343,1042,old_customers,no,no,day 1
84,46,self-employed,married,tertiary,137,246,old_customers,yes,yes,day 4
85,51,blue-collar,married,primary,173,529,old_customers,yes,no,day 1
86,56,admin.,married,secondary,45,1467,old_customers,no,no,day 3
87,41,technician,married,secondary,1270,1389,young_customers,yes,no,day 2
88,46,management,divorced,secondary,16,188,old_customers,no,yes,day 1
89,57,retired,married,secondary,486,180,old_customers,no,no,day 4
90,42,management,single,secondary,50,48,young_customers,yes,no,day 1
91,30,technician,married,secondary,152,213,young_customers,yes,yes,day 3
92,60,admin.,married,secondary,290,583,old_customers,no,no,day 2
93,60,blue-collar,married,unknown,54,221,old_customers,yes,no,day 1
94,57,entrepreneur,divorced,secondary,-37,173,old_customers,no,no,day 4
95,36,management,married,tertiary,101,426,young_customers,no,yes,day 1
96,55,blue-collar,married,secondary,383,287,old_customers,yes,no,day 3
97,60,retired,married,tertiary,81,101,old_customers,yes,no,day 2
98,39,technician,married,secondary,0,203,young_customers,no,yes,day 1
99,46,management,married,tertiary,229,197,old_customers,yes,no,day 4
100,44,blue-collar,married,secondary,-674,257,old_customers,no,no,day 1
101,53,blue-collar,married,primary,90,124,old_customers,no,no,day 3
102,52,blue-collar,married,primary,128,229,old_customers,yes,yes,day 2
103,59,blue-collar,married,primary,179,55,old_customers,yes,no,day 1
104,27,technician,single,tertiary,0,400,young_customers,no,no,day 4
105,44,blue-collar,married,secondary,54,197,old_customers,yes,yes,day 1
106,47,technician,married,tertiary,151,190,old_customers,no,no,day 3
107,34,admin.,married,secondary,61,21,young_customers,no,no,day 2
108,59,retired,single,secondary,30,514,old_customers,yes,no,day 1
109,45,management,married,tertiary,523,849,old_customers,yes,yes,day 4
110,29,services,divorced,secondary,31,0,young_customers,no,no,day 1
111,46,technician,divorced,secondary,79,144,old_customers,yes,no,day 3
112,56,self-employed,married,primary,-34,212,old_customers,no,yes,day 2
113,36,blue-collar,married,primary,448,286,young_customers,no,no,day 1
114,59,retired,divorced,primary,81,107,old_customers,yes,no,day 4
115,44,blue-collar,married,secondary,144,247,old_customers,yes,no,day 1
116,41,admin.,married,secondary,351,518,young_customers,no,yes,day 3
117,33,management,single,tertiary,-67,364,young_customers,yes,no,day 2
118,59,management,divorced,tertiary,262,178,old_customers,no,no,day 1
119,57,technician,married,primary,0,98,old_customers,no,yes,day 4
120,56,technician,divorced,unknown,56,439,old_customers,yes,no,day 1
121,51,blue-collar,married,secondary,26,79,old_customers,yes,no,day 3
122,34,admin.,married,unknown,3,120,young_customers,no,no,day 2
123,43,services,married,secondary,41,127,old_customers,yes,yes,day 1
124,52,technician,married,tertiary,7,175,old_customers,no,no,day 4
125,33,technician,single,secondary,105,262,young_customers,no,no,day 1
126,29,admin.,single,secondary,818,61,young_customers,yes,yes,day 3
127,34,services,married,secondary,-16,78,young_customers,yes,no,day 2
128,31,blue-collar,married,secondary,0,143,young_customers,no,no,day 1
129,55,services,married,secondary,2476,579,old_customers,yes,no,day 4
130,55,management,married,unknown,1185,677,old_customers,no,yes,day 1
131,32,admin.,single,secondary,217,345,young_customers,no,no,day 3
132,38,technician,single,secondary,1685,185,young_customers,yes,no,day 2
133,55,admin.,single,secondary,802,100,old_customers,yes,yes,day 1
134,28,unemployed,single,tertiary,0,125,young_customers,no,no,day 4
135,23,blue-collar,married,secondary,94,193,young_customers,yes,no,day 1
136,32,technician,single,secondary,0,136,young_customers,no,no,day 3
137,43,services,single,unknown,0,73,old_customers,no,yes,day 2
138,32,blue-collar,married,secondary,517,528,young_customers,yes,no,day 1
139,46,blue-collar,married,secondary,265,541,old_customers,yes,no,day 4
140,53,housemaid,divorced,primary,947,163,old_customers,no,yes,day 1
141,34,self-employed,single,secondary,3,301,young_customers,yes,no,day 3
142,57,unemployed,married,tertiary,42,46,old_customers,no,no,day 2
143,37,blue-collar,married,secondary,37,204,young_customers,no,no,day 1
144,59,blue-collar,married,secondary,57,98,old_customers,yes,yes,day 4
145,33,services,married,secondary,22,71,young_customers,yes,no,day 1
146,56,blue-collar,divorced,primary,8,157,old_customers,no,no,day 3
147,48,unemployed,married,secondary,293,243,old_customers,yes,yes,day 2
148,43,services,married,primary,3,186,old_customers,no,no,day 1
149,54,blue-collar,married,primary,348,579,old_customers,no,no,day 4
150,51,blue-collar,married,unknown,-19,163,old_customers,yes,no,day 1
151,26,student,single,secondary,0,610,young_customers,yes,yes,day 3
152,40,management,married,tertiary,-4,2033,young_customers,no,no,day 2
153,39,management,married,secondary,18,85,young_customers,yes,no,day 1
154,50,technician,married,primary,139,114,old_customers,no,yes,day 4
155,41,services,married,secondary,0,114,young_customers,no,no,day 1
156,51,blue-collar,married,unknown,1883,57,old_customers,yes,no,day 3
157,60,retired,divorced,secondary,216,238,old_customers,yes,no,day 2
158,52,blue-collar,married,secondary,782,93,old_customers,no,yes,day 1
159,48,blue-collar,married,secondary,904,128,old_customers,yes,no,day 4
160,48,services,married,unknown,1705,107,old_customers,no,no,day 1
161,39,technician,single,tertiary,47,181,young_customers,no,yes,day 3
162,47,services,single,secondary,176,303,old_customers,yes,no,day 2
163,40,blue-collar,married,secondary,1225,558,young_customers,yes,no,day 1
164,45,technician,married,secondary,86,270,old_customers,no,no,day 4
165,26,admin.,single,secondary,82,228,young_customers,yes,yes,day 1
166,52,management,married,tertiary,271,99,old_customers,no,no,day 3
167,54,technician,married,secondary,1378,240,old_customers,no,no,day 2
168,54,admin.,married,tertiary,184,673,old_customers,yes,yes,day 1
169,50,blue-collar,married,primary,0,233,old_customers,yes,no,day 4
170,35,blue-collar,married,secondary,0,1056,young_customers,no,no,day 1
171,44,services,married,secondary,1357,250,old_customers,yes,no,day 3
172,53,entrepreneur,married,unknown,19,252,old_customers,no,yes,day 2
173,35,retired,single,primary,434,138,young_customers,no,no,day 1
174,60,admin.,divorced,secondary,92,130,old_customers,yes,no,day 4
175,53,admin.,divorced,secondary,1151,412,old_customers,yes,yes,day 1
176,48,unemployed,married,secondary,41,179,old_customers,no,no,day 3
177,34,technician,married,secondary,51,19,young_customers,yes,no,day 2
178,54,services,married,secondary,214,458,old_customers,no,no,day 1
179,51,management,married,secondary,1161,717,old_customers,no,yes,day 4
180,31,services,married,tertiary,37,313,young_customers,yes,no,day 1
181,35,technician,divorced,secondary,787,683,young_customers,yes,no,day 3
182,35,services,married,secondary,59,1077,young_customers,no,yes,day 2
183,38,technician,married,secondary,253,416,young_customers,yes,no,day 1
184,36,admin.,married,tertiary,211,146,young_customers,no,no,day 4
185,58,retired,married,primary,235,167,old_customers,no,no,day 1
186,40,services,divorced,unknown,4384,315,young_customers,yes,yes,day 3
187,54,management,married,secondary,4080,140,old_customers,yes,no,day 2
188,34,blue-collar,single,secondary,53,346,young_customers,no,no,day 1
189,31,management,single,tertiary,0,562,young_customers,yes,yes,day 4
190,51,retired,married,secondary,2127,172,old_customers,no,no,day 1
191,33,management,married,tertiary,377,217,young_customers,no,no,day 3
192,55,management,married,tertiary,73,142,old_customers,yes,no,day 2
193,42,admin.,married,secondary,445,67,young_customers,yes,yes,day 1
194,34,blue-collar,married,secondary,243,291,young_customers,no,no,day 4
195,33,blue-collar,single,secondary,307,309,young_customers,yes,no,day 1
196,38,services,married,secondary,155,248,young_customers,no,yes,day 3
197,50,technician,divorced,tertiary,173,98,old_customers,no,no,day 2
198,43,management,married,tertiary,400,256,old_customers,yes,no,day 1
199,61,blue-collar,divorced,primary,1428,82,old_customers,yes,no,day 4
200,47,admin.,married,secondary,219,577,old_customers,no,yes,day 1
201,48,self-employed,married,tertiary,7,286,old_customers,yes,no,day 3
202,44,blue-collar,married,secondary,575,477,old_customers,no,no,day 2
203,35,student,single,unknown,298,611,young_customers,no,yes,day 1
204,35,services,married,secondary,0,471,young_customers,yes,no,day 4
205,50,services,married,secondary,5699,381,old_customers,yes,no,day 1
206,41,management,married,tertiary,176,42,young_customers,no,no,day 3
207,41,management,married,tertiary,517,251,young_customers,yes,yes,day 2
208,39,services,single,unknown,257,408,young_customers,no,no,day 1
209,42,retired,married,secondary,56,215,young_customers,no,no,day 4
210,38,blue-collar,married,secondary,-390,287,young_customers,yes,yes,day 1
211,53,retired,married,secondary,330,216,old_customers,yes,no,day 3
212,59,housemaid,divorced,primary,195,366,old_customers,no,no,day 2
213,36,services,married,secondary,301,210,young_customers,yes,no,day 1
214,54,blue-collar,married,primary,-41,288,old_customers,no,yes,day 4
215,40,technician,married,tertiary,483,168,young_customers,no,no,day 1
216,47,unknown,married,unknown,28,338,old_customers,yes,no,day 3
217,53,unemployed,married,unknown,13,410,old_customers,yes,yes,day 2
218,46,housemaid,married,primary,965,177,old_customers,no,no,day 1
219,39,management,married,tertiary,378,127,young_customers,yes,no,day 4
220,40,unemployed,married,secondary,219,0,young_customers,no,no,day 1
221,28,blue-collar,married,primary,324,175,young_customers,no,yes,day 3
222,35,entrepreneur,divorced,secondary,-69,300,young_customers,yes,no,day 2
223,55,retired,married,secondary,0,136,old_customers,yes,no,day 1
224,43,technician,divorced,unknown,205,1419,old_customers,no,yes,day 4
225,48,blue-collar,married,primary,278,125,old_customers,yes,no,day 1
226,58,management,married,unknown,1065,213,old_customers,no,no,day 3
227,33,management,single,tertiary,34,27,young_customers,no,no,day 2
228,36,blue-collar,married,unknown,1033,238,young_customers,yes,yes,day 1
229,53,services,divorced,secondary,1467,124,old_customers,yes,no,day 4
230,47,blue-collar,married,primary,-12,18,old_customers,no,no,day 1
231,31,services,married,secondary,388,730,young_customers,yes,yes,day 3
232,57,entrepreneur,married,secondary,294,746,old_customers,no,no,day 2
233,53,blue-collar,married,unknown,1827,121,old_customers,no,no,day 1
234,55,blue-collar,married,primary,627,247,old_customers,yes,no,day 4
235,45,blue-collar,married,primary,25,40,old_customers,yes,yes,day 1
236,53,admin.,divorced,secondary,315,181,old_customers,no,no,day 3
237,37,blue-collar,married,primary,0,79,young_customers,yes,no,day 2
238,44,admin.,divorced,secondary,66,206,old_customers,no,yes,day 1
239,49,blue-collar,divorced,primary,-9,389,old_customers,no,no,day 4
240,46,technician,married,secondary,349,127,old_customers,yes,no,day 1
241,43,entrepreneur,married,unknown,100,702,old_customers,yes,no,day 3
242,38,admin.,married,secondary,0,151,young_customers,no,yes,day 2
243,43,technician,married,secondary,434,117,old_customers,yes,no,day 1
244,49,management,married,tertiary,3237,232,old_customers,no,no,day 4
245,42,management,married,unknown,275,408,young_customers,no,yes,day 1
246,22,blue-collar,single,secondary,0,179,young_customers,yes,no,day 3
247,40,management,married,tertiary,207,39,young_customers,yes,no,day 2
248,39,blue-collar,married,secondary,483,282,young_customers,no,no,day 1
249,51,services,married,secondary,2248,714,old_customers,yes,yes,day 4
250,49,admin.,married,secondary,428,50,old_customers,no,no,day 1
251,53,blue-collar,married,secondary,0,181,old_customers,no,no,day 3
252,34,services,single,secondary,0,142,young_customers,yes,yes,day 2
253,33,technician,divorced,secondary,140,227,young_customers,yes,no,day 1
254,50,management,single,tertiary,297,119,old_customers,no,no,day 4
255,39,blue-collar,married,primary,279,361,young_customers,yes,no,day 1
256,59,entrepreneur,divorced,secondary,901,73,old_customers,no,yes,day 3
257,30,technician,single,secondary,2573,67,young_customers,no,no,day 2
258,36,services,married,secondary,143,350,young_customers,yes,no,day 1
259,40,blue-collar,married,secondary,475,332,young_customers,yes,yes,day 4
260,53,blue-collar,married,secondary,70,611,old_customers,no,no,day 1
261,34,management,single,tertiary,318,113,young_customers,yes,no,day 3
262,37,technician,married,secondary,275,132,young_customers,no,no,day 2
263,42,management,divorced,tertiary,742,58,young_customers,no,yes,day 1
264,41,entrepreneur,married,primary,236,151,young_customers,yes,no,day 4
265,30,student,single,tertiary,25,89,young_customers,yes,no,day 1
266,37,management,single,tertiary,600,152,young_customers,no,yes,day 3
267,39,admin.,divorced,secondary,-349,611,young_customers,yes,no,day 2
268,41,blue-collar,married,primary,183,110,young_customers,no,no,day 1
269,40,blue-collar,married,primary,0,463,young_customers,no,no,day 4
270,42,management,single,tertiary,0,562,young_customers,yes,yes,day 1
271,40,blue-collar,divorced,primary,0,962,young_customers,yes,no,day 3
272,57,technician,married,secondary,1078,10,old_customers,no,no,day 2
273,56,entrepreneur,divorced,secondary,155,118,old_customers,yes,yes,day 1
274,37,admin.,married,secondary,190,92,young_customers,no,no,day 4
275,59,retired,married,secondary,319,143,old_customers,no,no,day 1
276,39,services,divorced,secondary,-185,189,young_customers,yes,no,day 3
277,49,services,married,secondary,47,234,old_customers,yes,yes,day 2
278,38,services,single,secondary,570,75,young_customers,no,no,day 1
279,36,self-employed,married,tertiary,19,189,young_customers,yes,no,day 4
280,50,blue-collar,married,primary,61,621,old_customers,no,yes,day 1
281,41,admin.,married,secondary,-62,55,young_customers,no,no,day 3
282,54,technician,married,tertiary,258,310,old_customers,yes,no,day 2
283,58,blue-collar,married,primary,76,156,old_customers,yes,no,day 1
284,30,blue-collar,single,secondary,0,5,young_customers,no,yes,day 4
285,33,admin.,single,secondary,352,225,young_customers,yes,no,day 1
286,47,admin.,married,secondary,368,125,old_customers,no,no,day 3
287,50,technician,single,tertiary,339,2,old_customers,no,yes,day 2
288,32,blue-collar,married,secondary,1331,286,young_customers,yes,no,day 1
289,40,self-employed,married,secondary,672,164,young_customers,yes,no,day 4
290,37,management,married,tertiary,58,98,young_customers,no,no,day 1
291,54,technician,single,unknown,447,742,old_customers,yes,yes,day 3
292,24,student,single,secondary,423,226,young_customers,no,no,day 2
293,54,management,married,tertiary,0,120,old_customers,no,no,day 1
294,34,technician,married,secondary,19,362,young_customers,yes,yes,day 4
295,56,technician,divorced,primary,13,357,old_customers,yes,no,day 1
296,31,blue-collar,single,secondary,3,200,young_customers,no,no,day 3
297,24,student,single,secondary,82,204,young_customers,yes,no,day 2
298,42,blue-collar,divorced,primary,28,126,young_customers,no,yes,day 1
299,57,technician,married,secondary,792,65,old_customers,no,no,day 4
300,42,blue-collar,married,unknown,408,107,young_customers,yes,no,day 1
301,51,admin.,married,secondary,531,267,old_customers,yes,yes,day 3
302,57,retired,married,secondary,211,248,old_customers,no,no,day 2
303,36,services,single,secondary,62,215,young_customers,yes,no,day 1
304,53,services,married,unknown,257,209,old_customers,no,no,day 4
305,50,technician,married,secondary,1234,205,old_customers,no,yes,day 1
306,54,management,married,tertiary,313,83,old_customers,yes,no,day 3
307,55,blue-collar,married,secondary,89,106,old_customers,yes,no,day 2
308,44,blue-collar,married,secondary,129,189,old_customers,no,yes,day 1
309,43,management,married,unknown,0,105,old_customers,yes,no,day 4
310,56,admin.,married,secondary,353,106,old_customers,no,no,day 1
311,54,technician,married,unknown,851,108,old_customers,no,no,day 3
312,55,services,divorced,primary,96,311,old_customers,yes,yes,day 2
313,37,services,divorced,secondary,398,214,young_customers,yes,no,day 1
314,33,admin.,single,tertiary,193,132,young_customers,no,no,day 4
315,46,admin.,married,secondary,-358,358,old_customers,yes,yes,day 1
316,36,blue-collar,married,secondary,539,453,young_customers,no,no,day 3
317,51,technician,single,secondary,0,364,old_customers,no,no,day 2
318,40,retired,single,primary,0,136,young_customers,yes,no,day 1
319,42,blue-collar,married,secondary,490,386,young_customers,yes,yes,day 4
320,51,blue-collar,married,secondary,0,173,old_customers,no,no,day 1
321,49,blue-collar,married,unknown,403,241,old_customers,yes,no,day 3
322,48,management,married,secondary,161,224,old_customers,no,yes,day 2
323,32,technician,divorced,tertiary,2558,148,young_customers,no,no,day 1
324,31,admin.,single,secondary,98,196,young_customers,yes,no,day 4
325,55,management,single,tertiary,115,111,old_customers,yes,no,day 1
326,40,blue-collar,single,secondary,436,231,young_customers,no,yes,day 3
327,47,technician,married,tertiary,831,316,old_customers,yes,no,day 2
328,57,technician,married,unknown,206,216,old_customers,no,no,day 1
329,41,blue-collar,married,secondary,290,240,young_customers,no,yes,day 4
330,48,blue-collar,married,secondary,1,0,old_customers,yes,no,day 1
331,42,blue-collar,married,unknown,57,425,young_customers,yes,no,day 3
332,30,blue-collar,single,secondary,-457,143,young_customers,no,no,day 2
333,58,management,single,tertiary,1387,174,old_customers,yes,yes,day 1
334,45,management,divorced,tertiary,24598,313,old_customers,no,no,day 4
335,49,blue-collar,married,secondary,30,135,old_customers,no,no,day 1
336,42,admin.,single,secondary,1022,146,young_customers,yes,yes,day 3
337,53,technician,married,secondary,56,152,old_customers,yes,no,day 2
338,51,admin.,single,secondary,-2,402,old_customers,no,no,day 1
339,32,services,single,secondary,121,213,young_customers,yes,no,day 4
340,41,blue-collar,single,secondary,842,144,young_customers,no,yes,day 1
341,43,management,divorced,secondary,693,124,old_customers,no,no,day 3
342,40,blue-collar,divorced,secondary,-333,183,young_customers,yes,no,day 2
343,50,blue-collar,married,primary,1533,325,old_customers,yes,yes,day 1
344,34,management,married,tertiary,46,39,young_customers,no,no,day 4
345,53,services,married,unknown,18,503,old_customers,yes,no,day 1
346,45,technician,married,secondary,44,95,old_customers,no,no,day 3
347,39,blue-collar,married,primary,-100,680,young_customers,no,yes,day 2
348,44,services,married,tertiary,510,421,old_customers,yes,no,day 1
349,55,management,married,tertiary,685,174,old_customers,yes,no,day 4
350,46,management,single,tertiary,187,113,old_customers,no,yes,day 1
351,45,blue-collar,married,secondary,66,808,old_customers,yes,no,day 3
352,34,admin.,married,secondary,560,198,young_customers,no,no,day 2
353,36,blue-collar,married,secondary,0,195,young_customers,no,no,day 1
354,59,unknown,divorced,unknown,27,347,old_customers,yes,yes,day 4
355,31,admin.,single,secondary,12,208,young_customers,yes,no,day 1
356,44,blue-collar,single,secondary,34,404,old_customers,no,no,day 3
357,33,entrepreneur,single,tertiary,1068,396,young_customers,yes,yes,day 2
358,40,blue-collar,married,secondary,211,216,young_customers,no,no,day 1
359,46,admin.,single,tertiary,377,98,old_customers,no,no,day 4
360,48,management,married,tertiary,263,350,old_customers,yes,no,day 1
361,42,services,married,secondary,1263,114,young_customers,yes,yes,day 3
362,27,services,married,secondary,8,88,young_customers,no,no,day 2
363,48,admin.,married,secondary,126,379,old_customers,yes,no,day 1
364,59,admin.,married,secondary,230,190,old_customers,no,yes,day 4
365,46,technician,married,tertiary,841,158,old_customers,no,no,day 1
366,38,admin.,divorced,secondary,308,102,young_customers,yes,no,day 3
367,43,management,divorced,tertiary,1,306,old_customers,yes,no,day 2
368,38,admin.,divorced,tertiary,86,218,young_customers,no,yes,day 1
369,23,student,single,secondary,157,54,young_customers,yes,no,day 4
370,34,services,married,secondary,22,344,young_customers,no,no,day 1
371,38,admin.,married,secondary,46,195,young_customers,no,yes,day 3
372,37,blue-collar,married,secondary,1293,652,young_customers,yes,no,day 2
373,25,admin.,single,secondary,122,286,young_customers,yes,no,day 1
374,48,blue-collar,married,unknown,131,189,old_customers,no,no,day 4
375,49,blue-collar,single,secondary,143,83,old_customers,yes,yes,day 1
376,38,admin.,single,secondary,393,184,young_customers,no,no,day 3
377,43,blue-collar,married,primary,98,235,old_customers,no,no,day 2
378,33,management,married,tertiary,0,290,young_customers,yes,yes,day 1
379,55,blue-collar,married,secondary,224,232,old_customers,yes,no,day 4
380,38,blue-collar,married,secondary,757,133,young_customers,no,no,day 1
381,49,services,married,secondary,245,318,old_customers,yes,no,day 3
382,40,management,married,secondary,8486,260,young_customers,no,yes,day 2
383,43,admin.,married,unknown,350,437,old_customers,no,no,day 1
384,38,blue-collar,married,secondary,20,402,young_customers,yes,no,day 4
385,58,services,married,secondary,1667,85,old_customers,yes,yes,day 1
386,57,technician,married,unknown,345,125,old_customers,no,no,day 3
387,32,unemployed,married,secondary,10,501,young_customers,yes,no,day 2
388,56,management,married,tertiary,830,1201,old_customers,no,no,day 1
389,58,blue-collar,divorced,unknown,29,253,old_customers,no,yes,day 4
390,60,retired,divorced,secondary,545,1030,old_customers,yes,no,day 1
391,37,technician,married,tertiary,8730,149,young_customers,yes,no,day 3
392,46,technician,divorced,tertiary,477,114,old_customers,no,yes,day 2
393,27,admin.,married,secondary,4,243,young_customers,yes,no,day 1
394,43,blue-collar,married,secondary,1205,769,old_customers,no,no,day 4
395,32,technician,single,secondary,0,135,young_customers,no,no,day 1
396,40,admin.,single,secondary,263,231,young_customers,yes,yes,day 3
397,38,admin.,married,secondary,1,76,young_customers,yes,no,day 2
398,34,blue-collar,married,secondary,283,199,young_customers,no,no,day 1
399,47,blue-collar,married,primary,206,152,old_customers,yes,yes,day 4
400,42,housemaid,married,primary,17,124,young_customers,no,no,day 1
401,48,technician,married,secondary,141,424,old_customers,no,no,day 3
402,29,self-employed,single,tertiary,16,43,young_customers,yes,no,day 2
403,50,services,married,secondary,206,154,old_customers,yes,yes,day 1
404,52,technician,married,unknown,7,203,old_customers,no,no,day 4
405,50,management,married,tertiary,0,326,old_customers,yes,no,day 1
406,58,retired,married,tertiary,0,393,old_customers,no,yes,day 3
407,46,blue-collar,divorced,primary,1927,241,old_customers,no,no,day 2
408,38,technician,married,secondary,284,483,young_customers,yes,no,day 1
409,46,blue-collar,married,secondary,1660,259,old_customers,yes,no,day 4
410,32,services,single,secondary,406,227,young_customers,no,yes,day 1
411,51,blue-collar,married,primary,230,673,old_customers,yes,no,day 3
412,39,admin.,single,secondary,-25,576,young_customers,no,no,day 2
413,48,admin.,married,secondary,182,180,old_customers,no,yes,day 1
414,36,entrepreneur,married,tertiary,1169,168,young_customers,yes,no,day 4
415,34,admin.,divorced,secondary,67,90,young_customers,yes,no,day 1
416,40,technician,married,secondary,77,505,young_customers,no,no,day 3
417,43,unemployed,married,secondary,0,245,old_customers,yes,yes,day 2
418,52,blue-collar,divorced,primary,55,186,old_customers,no,no,day 1
419,33,technician,married,secondary,72,623,young_customers,no,no,day 4
420,49,management,single,tertiary,163,496,old_customers,yes,yes,day 1
421,32,management,single,tertiary,151,118,young_customers,yes,no,day 3
422,39,admin.,single,secondary,113,342,young_customers,no,no,day 2
423,40,blue-collar,married,secondary,0,225,young_customers,yes,no,day 1
424,38,technician,single,tertiary,9,185,young_customers,no,yes,day 4
425,43,management,married,secondary,375,196,old_customers,no,no,day 1
426,39,services,married,secondary,1142,276,young_customers,yes,no,day 3
427,54,blue-collar,married,primary,2102,76,old_customers,yes,yes,day 2
428,38,technician,single,tertiary,4325,87,young_customers,no,no,day 1
429,40,blue-collar,married,secondary,217,195,young_customers,yes,no,day 4
430,55,admin.,married,secondary,131,744,old_customers,no,no,day 1
431,42,management,married,tertiary,1680,765,young_customers,no,yes,day 3
432,39,blue-collar,married,secondary,0,262,young_customers,yes,no,day 2
433,40,blue-collar,married,primary,46,119,young_customers,yes,no,day 1
434,32,blue-collar,married,secondary,320,198,young_customers,no,yes,day 4
435,55,admin.,married,secondary,183,150,old_customers,yes,no,day 1
436,45,blue-collar,married,secondary,39,241,old_customers,no,no,day 3
437,35,management,single,tertiary,560,181,young_customers,no,no,day 2
438,58,technician,divorced,secondary,469,196,old_customers,yes,yes,day 1
439,35,admin.,married,secondary,530,149,young_customers,yes,no,day 4
440,49,services,married,primary,61,0,old_customers,no,no,day 1
441,34,technician,single,tertiary,242,112,young_customers,yes,yes,day 3
442,36,blue-collar,married,secondary,139,309,young_customers,no,no,day 2
443,24,self-employed,single,secondary,0,278,young_customers,no,no,day 1
444,34,technician,married,secondary,367,140,young_customers,yes,no,day 4
445,51,admin.,divorced,secondary,228,136,old_customers,yes,yes,day 1
446,39,technician,single,unknown,45248,1623,young_customers,no,no,day 3
447,50,self-employed,married,unknown,-84,101,old_customers,yes,no,day 2
448,32,services,single,secondary,310,144,young_customers,no,yes,day 1
449,42,blue-collar,married,unknown,132,238,young_customers,no,no,day 4
450,50,technician,married,secondary,797,354,old_customers,yes,no,day 1
451,40,services,married,secondary,71,79,young_customers,yes,no,day 3
452,46,management,divorced,unknown,2,187,old_customers,no,yes,day 2
453,37,management,married,tertiary,231,451,young_customers,yes,no,day 1
454,34,blue-collar,married,secondary,270,159,young_customers,no,no,day 4
455,44,blue-collar,married,secondary,274,409,old_customers,no,yes,day 1
456,40,admin.,single,secondary,-109,170,young_customers,yes,no,day 3
457,37,technician,married,secondary,1,608,young_customers,yes,no,day 2
458,33,blue-collar,single,secondary,-60,243,young_customers,no,no,day 1
459,35,blue-collar,married,secondary,89,145,young_customers,yes,yes,day 4
460,58,blue-collar,divorced,secondary,-11,112,old_customers,no,no,day 1
461,39,blue-collar,married,primary,0,262,young_customers,no,no,day 3
462,43,blue-collar,married,secondary,-509,124,old_customers,yes,yes,day 2
463,39,unemployed,married,primary,408,53,young_customers,yes,no,day 1
464,36,services,single,primary,58,134,young_customers,no,no,day 4
465,57,retired,single,secondary,1640,204,old_customers,yes,no,day 1
466,36,admin.,single,secondary,20,186,young_customers,no,yes,day 3
467,50,blue-collar,married,primary,71,678,old_customers,no,no,day 2
468,55,blue-collar,married,secondary,52,182,old_customers,yes,no,day 1
469,44,self-employed,married,tertiary,292,162,old_customers,yes,yes,day 4
470,44,services,divorced,secondary,424,27,old_customers,no,no,day 1
471,39,housemaid,single,primary,109,699,young_customers,yes,no,day 3
472,46,blue-collar,married,unknown,1044,43,old_customers,no,no,day 2
473,39,blue-collar,married,secondary,983,97,young_customers,no,yes,day 1
474,34,admin.,married,secondary,869,1677,young_customers,yes,no,day 4
475,40,blue-collar,married,primary,668,283,young_customers,yes,no,day 1
476,50,management,married,tertiary,964,323,old_customers,no,yes,day 3
477,31,management,single,secondary,301,82,young_customers,yes,no,day 2
478,37,admin.,single,secondary,140,310,young_customers,no,no,day 1
479,39,management,single,secondary,1877,185,young_customers,no,no,day 4
480,51,blue-collar,married,primary,1127,47,old_customers,yes,yes,day 1
481,41,technician,married,secondary,871,145,young_customers,yes,no,day 3
482,41,technician,married,secondary,767,204,young_customers,no,no,day 2
483,43,blue-collar,married,secondary,0,187,old_customers,yes,yes,day 1
484,30,services,single,secondary,209,30,young_customers,no,no,day 4
485,54,management,divorced,primary,0,472,old_customers,no,no,day 1
486,43,blue-collar,divorced,secondary,110,448,old_customers,yes,no,day 3
487,59,management,divorced,tertiary,-76,264,old_customers,yes,yes,day 2
488,47,technician,married,unknown,178,169,old_customers,no,no,day 1
489,40,blue-collar,married,primary,-66,288,young_customers,yes,no,day 4
490,32,technician,married,secondary,0,176,young_customers,no,yes,day 1
491,29,blue-collar,married,secondary,1,215,young_customers,no,no,day 3
492,36,blue-collar,married,secondary,0,337,young_customers,yes,no,day 2
493,55,unemployed,married,tertiary,5345,278,old_customers,yes,no,day 1
494,30,blue-collar,divorced,secondary,-209,188,young_customers,no,yes,day 4
495,39,admin.,single,secondary,0,174,young_customers,yes,no,day 1
496,39,blue-collar,divorced,secondary,42,226,young_customers,no,no,day 3
497,50,blue-collar,divorced,secondary,41,190,old_customers,no,yes,day 2
498,44,blue-collar,married,secondary,-99,111,old_customers,yes,no,day 1
499,37,technician,single,secondary,17,164,young_customers,yes,no,day 4
500,46,admin.,married,primary,276,157,old_customers,no,no,day 1
501,32,technician,single,unknown,-170,46,young_customers,yes,yes,day 3
502,37,management,single,tertiary,230,374,young_customers,no,no,day 2
503,29,blue-collar,married,secondary,9,349,young_customers,no,no,day 1
504,41,blue-collar,married,secondary,946,325,young_customers,yes,yes,day 4
505,45,blue-collar,married,primary,1297,233,old_customers,yes,no,day 1
506,57,retired,divorced,secondary,-331,531,old_customers,no,no,day 3
507,48,blue-collar,single,secondary,44,153,old_customers,yes,no,day 2
508,60,retired,married,secondary,15,80,old_customers,no,yes,day 1
509,26,admin.,single,secondary,712,232,young_customers,no,no,day 4
510,58,retired,married,secondary,5435,118,old_customers,yes,no,day 1
511,34,admin.,married,secondary,507,190,young_customers,yes,yes,day 3
512,55,unemployed,divorced,secondary,387,918,old_customers,no,no,day 2
513,41,blue-collar,married,primary,0,238,young_customers,yes,no,day 1
514,50,management,divorced,secondary,1716,82,old_customers,no,no,day 4
515,49,entrepreneur,married,secondary,167,198,old_customers,no,yes,day 1
516,44,admin.,married,unknown,40,160,old_customers,yes,no,day 3
517,44,blue-collar,married,primary,148,211,old_customers,yes,no,day 2
518,31,technician,married,secondary,17,120,young_customers,no,yes,day 1
519,34,blue-collar,single,tertiary,1011,136,young_customers,yes,no,day 4
520,46,management,single,unknown,1527,269,old_customers,no,no,day 1
521,42,management,married,tertiary,744,157,young_customers,no,no,day 3
522,52,admin.,married,secondary,484,128,old_customers,yes,yes,day 2
523,29,management,single,tertiary,0,211,young_customers,yes,no,day 1
524,53,retired,married,primary,136,267,old_customers,no,no,day 4
525,43,blue-collar,married,secondary,1335,371,old_customers,yes,yes,day 1
526,38,management,married,secondary,517,288,young_customers,no,no,day 3
527,46,management,married,tertiary,459,221,old_customers,no,no,day 2
528,48,management,divorced,unknown,549,427,old_customers,yes,no,day 1
529,30,admin.,divorced,secondary,83,310,young_customers,yes,yes,day 4
530,44,blue-collar,married,primary,213,158,old_customers,no,no,day 1
531,31,housemaid,married,primary,203,604,young_customers,yes,no,day 3
532,42,services,single,secondary,518,198,young_customers,no,yes,day 2
533,40,management,single,tertiary,3877,145,young_customers,no,no,day 1
534,52,admin.,married,secondary,1236,247,old_customers,yes,no,day 4
535,45,blue-collar,divorced,secondary,756,179,old_customers,yes,no,day 1
536,48,blue-collar,married,secondary,157,73,old_customers,no,yes,day 3
537,45,blue-collar,married,primary,-66,263,old_customers,yes,no,day 2
538,34,blue-collar,married,unknown,245,13,young_customers,no,no,day 1
539,34,blue-collar,married,primary,-144,79,young_customers,no,yes,day 4
540,46,blue-collar,married,secondary,71,416,old_customers,yes,no,day 1
541,49,services,divorced,secondary,505,162,old_customers,yes,no,day 3
542,50,technician,married,primary,249,129,old_customers,no,no,day 2
543,34,admin.,single,secondary,0,150,young_customers,yes,yes,day 1
544,40,unemployed,single,secondary,11,43,young_customers,no,no,day 4
545,36,admin.,married,secondary,639,191,young_customers,no,no,day 1
546,59,blue-collar,divorced,unknown,124,26,old_customers,yes,yes,day 3
547,45,blue-collar,married,secondary,82,250,old_customers,yes,no,day 2
548,36,self-employed,married,tertiary,107,146,young_customers,no,no,day 1
549,56,services,married,secondary,473,416,old_customers,yes,no,day 4
550,42,services,divorced,secondary,372,0,young_customers,no,yes,day 1
551,30,admin.,married,secondary,46,114,young_customers,no,no,day 3
552,30,student,single,tertiary,34,289,young_customers,yes,no,day 2
553,47,self-employed,married,unknown,935,225,old_customers,yes,yes,day 1
554,33,blue-collar,married,secondary,-10,123,young_customers,no,no,day 4
555,36,admin.,married,secondary,-106,130,young_customers,yes,no,day 1
556,39,services,divorced,primary,471,161,young_customers,no,no,day 3
557,56,admin.,divorced,secondary,778,149,old_customers,no,yes,day 2
558,39,blue-collar,divorced,unknown,170,268,young_customers,yes,no,day 1
559,42,technician,married,secondary,315,259,young_customers,yes,no,day 4
560,52,blue-collar,married,secondary,3165,26,old_customers,no,yes,day 1
561,36,admin.,divorced,secondary,131,153,young_customers,yes,no,day 3
562,35,entrepreneur,married,secondary,204,424,young_customers,no,no,day 2
563,47,technician,married,secondary,83,179,old_customers,no,no,day 1
564,59,services,divorced,secondary,0,97,old_customers,yes,yes,day 4
565,57,blue-collar,married,primary,5431,383,old_customers,yes,no,day 1
566,38,management,married,unknown,1759,440,young_customers,no,no,day 3
567,46,unemployed,married,secondary,-125,23,old_customers,yes,yes,day 2
568,34,blue-collar,married,secondary,0,195,young_customers,no,no,day 1
569,28,services,single,secondary,5090,1297,young_customers,no,no,day 4
570,38,technician,married,unknown,573,87,young_customers,yes,no,day 1
571,56,blue-collar,married,secondary,1602,427,old_customers,yes,yes,day 3
572,41,blue-collar,single,primary,-137,189,young_customers,no,no,day 2
573,52,technician,married,unknown,0,195,old_customers,yes,no,day 1
574,54,services,married,secondary,193,179,old_customers,no,yes,day 4
575,61,retired,married,secondary,195,179,old_customers,no,no,day 1
576,53,entrepreneur,married,secondary,288,69,old_customers,yes,no,day 3
577,47,technician,married,secondary,19,105,old_customers,yes,no,day 2
578,53,blue-collar,married,primary,25,266,old_customers,no,yes,day 1
579,46,services,married,secondary,216,524,old_customers,yes,no,day 4
580,39,blue-collar,divorced,primary,190,96,young_customers,no,no,day 1
581,56,technician,divorced,secondary,99,155,old_customers,no,yes,day 3
582,55,services,divorced,primary,2298,162,old_customers,yes,no,day 2
583,44,management,married,tertiary,17,352,old_customers,yes,no,day 1
584,37,technician,married,primary,0,76,young_customers,no,no,day 4
585,35,blue-collar,married,primary,0,154,young_customers,yes,yes,day 1
586,55,blue-collar,married,secondary,840,310,old_customers,no,no,day 3
587,37,services,married,secondary,358,390,young_customers,no,no,day 2
588,30,technician,single,secondary,0,369,young_customers,yes,yes,day 1
589,37,blue-collar,married,primary,-325,112,young_customers,yes,no,day 4
590,36,technician,single,secondary,-15,341,young_customers,no,no,day 1
591,38,technician,married,secondary,581,79,young_customers,yes,no,day 3
592,41,admin.,divorced,primary,4070,140,young_customers,no,yes,day 2
593,48,retired,married,secondary,74,315,old_customers,no,no,day 1
594,55,services,divorced,secondary,141,262,old_customers,yes,no,day 4
595,28,services,divorced,secondary,89,174,young_customers,yes,yes,day 1
596,54,services,married,secondary,0,138,old_customers,no,no,day 3
597,30,blue-collar,married,secondary,450,526,young_customers,yes,no,day 2
598,48,technician,married,tertiary,310,135,old_customers,no,no,day 1
599,31,self-employed,married,secondary,0,36,young_customers,no,yes,day 4
600,38,blue-collar,married,secondary,384,1906,young_customers,yes,no,day 1
601,37,blue-collar,married,secondary,395,219,young_customers,yes,no,day 3
602,37,services,single,unknown,-118,147,young_customers,no,yes,day 2
603,56,blue-collar,married,primary,5,407,old_customers,yes,no,day 1
604,51,blue-collar,married,secondary,50,121,old_customers,no,no,day 4
605,39,blue-collar,married,secondary,285,209,young_customers,no,no,day 1
606,49,technician,married,unknown,15,92,old_customers,yes,yes,day 3
607,51,blue-collar,married,primary,653,208,old_customers,yes,no,day 2
608,43,self-employed,married,secondary,918,193,old_customers,no,no,day 1
609,32,services,married,secondary,243,144,young_customers,yes,yes,day 4
610,29,technician,single,tertiary,405,65,young_customers,no,no,day 1
611,48,management,divorced,tertiary,1328,339,old_customers,no,no,day 3
612,55,services,married,primary,255,285,old_customers,yes,no,day 2
613,53,blue-collar,married,secondary,3397,231,old_customers,yes,yes,day 1
614,47,technician,married,unknown,2106,168,old_customers,no,no,day 4
615,39,management,married,tertiary,2877,278,young_customers,yes,no,day 1
616,31,blue-collar,single,tertiary,60,389,young_customers,no,yes,day 3
617,39,blue-collar,married,primary,2226,158,young_customers,no,no,day 2
618,40,blue-collar,married,primary,2880,145,young_customers,yes,no,day 1
619,40,technician,single,unknown,-5,78,young_customers,yes,no,day 4
620,48,technician,married,secondary,147,142,old_customers,no,yes,day 1
621,33,technician,divorced,secondary,7,87,young_customers,yes,no,day 3
622,40,technician,married,secondary,109,147,young_customers,no,no,day 2
623,59,retired,married,primary,-119,289,old_customers,no,yes,day 1
624,30,technician,married,secondary,484,703,young_customers,yes,no,day 4
625,31,management,single,tertiary,1852,170,young_customers,yes,no,day 1
626,35,unemployed,married,secondary,533,802,young_customers,no,no,day 3
627,54,technician,divorced,secondary,21,381,old_customers,yes,yes,day 2
628,34,admin.,single,unknown,2434,218,young_customers,no,no,day 1
629,32,technician,married,secondary,90,57,young_customers,no,no,day 4
630,56,admin.,divorced,unknown,4246,304,old_customers,yes,yes,day 1
631,32,admin.,single,tertiary,395,241,young_customers,yes,no,day 3
632,42,blue-collar,married,primary,15,230,young_customers,no,no,day 2
633,33,services,married,tertiary,85,262,young_customers,yes,no,day 1
634,52,entrepreneur,married,tertiary,-184,392,old_customers,no,yes,day 4
635,52,services,married,secondary,660,201,old_customers,no,no,day 1
636,52,blue-collar,divorced,primary,-183,145,old_customers,yes,no,day 3
637,30,unemployed,divorced,secondary,1144,252,young_customers,yes,yes,day 2
638,44,services,divorced,secondary,1,235,old_customers,no,no,day 1
639,35,admin.,married,secondary,69,235,young_customers,yes,no,day 4
640,55,management,single,secondary,220,328,old_customers,no,no,day 1
641,33,blue-collar,married,primary,332,116,young_customers,no,yes,day 3
642,37,blue-collar,single,secondary,240,246,young_customers,yes,no,day 2
643,42,technician,single,secondary,0,293,young_customers,yes,no,day 1
644,43,unemployed,married,secondary,0,37,old_customers,no,yes,day 4
645,38,entrepreneur,married,tertiary,898,132,young_customers,yes,no,day 1
646,37,technician,married,secondary,123,530,young_customers,no,no,day 3
647,31,student,single,secondary,252,175,young_customers,no,no,day 2
648,41,management,married,tertiary,65,524,young_customers,yes,yes,day 1
649,41,technician,married,secondary,-366,29,young_customers,yes,no,day 4
650,29,student,single,secondary,209,311,young_customers,no,no,day 1
651,38,admin.,single,secondary,221,211,young_customers,yes,yes,day 3
652,44,self-employed,divorced,tertiary,4,312,old_customers,no,no,day 2
653,39,admin.,married,secondary,104,412,young_customers,no,no,day 1
654,28,technician,single,secondary,312,392,young_customers,yes,no,day 4
655,33,blue-collar,married,secondary,-349,191,young_customers,yes,yes,day 1
656,41,services,married,unknown,4,284,young_customers,no,no,day 3
657,40,blue-collar,married,primary,-322,144,young_customers,yes,no,day 2
658,29,admin.,married,secondary,-150,328,young_customers,no,yes,day 1
659,38,management,married,unknown,1349,100,young_customers,no,no,day 4
660,32,admin.,married,tertiary,281,0,young_customers,yes,no,day 1
661,45,services,married,secondary,1259,507,old_customers,yes,no,day 3
662,33,admin.,single,secondary,101,392,young_customers,no,yes,day 2
663,34,blue-collar,married,secondary,848,684,young_customers,yes,no,day 1
664,41,entrepreneur,married,unknown,89,333,young_customers,no,no,day 4
665,41,blue-collar,married,secondary,140,311,young_customers,no,yes,day 1
666,35,admin.,single,secondary,148,128,young_customers,yes,no,day 3
667,40,technician,single,secondary,200,322,young_customers,yes,no,day 2
668,60,self-employed,married,primary,46,202,old_customers,no,no,day 1
669,47,services,divorced,secondary,201,92,old_customers,yes,yes,day 4
670,46,blue-collar,married,primary,530,739,old_customers,no,no,day 1
671,31,blue-collar,single,secondary,0,273,young_customers,no,no,day 3
672,49,self-employed,married,secondary,1,260,old_customers,yes,yes,day 2
673,29,blue-collar,married,secondary,43,268,young_customers,yes,no,day 1
674,31,management,single,tertiary,-173,396,young_customers,no,no,day 4
675,38,management,married,tertiary,389,262,young_customers,yes,no,day 1
676,37,blue-collar,married,primary,215,308,young_customers,no,yes,day 3
677,35,technician,married,secondary,-131,467,young_customers,no,no,day 2
678,31,management,single,secondary,783,320,young_customers,yes,no,day 1
679,41,admin.,married,secondary,0,160,young_customers,yes,yes,day 4
680,46,services,married,unknown,80,245,old_customers,no,no,day 1
681,40,services,divorced,secondary,105,189,young_customers,yes,no,day 3
682,29,admin.,married,secondary,182,477,young_customers,no,no,day 2
683,49,admin.,married,secondary,82,310,old_customers,no,yes,day 1
684,42,management,married,tertiary,0,65,young_customers,yes,no,day 4
685,54,services,married,secondary,510,196,old_customers,yes,no,day 1
686,40,management,single,tertiary,242,221,young_customers,no,yes,day 3
687,53,admin.,married,secondary,244,197,old_customers,yes,no,day 2
688,49,management,married,tertiary,92,221,old_customers,no,no,day 1
689,40,blue-collar,married,primary,0,64,young_customers,no,no,day 4
690,29,student,single,secondary,948,75,young_customers,yes,yes,day 1
691,36,blue-collar,married,primary,23,400,young_customers,yes,no,day 3
692,37,technician,married,secondary,710,378,young_customers,no,no,day 2
693,39,services,married,secondary,1205,118,young_customers,yes,yes,day 1
694,36,technician,married,secondary,368,1597,young_customers,no,no,day 4
695,44,entrepreneur,married,tertiary,1631,346,old_customers,no,no,day 1
696,40,admin.,married,secondary,6,60,young_customers,yes,no,day 3
697,49,blue-collar,married,secondary,26,276,old_customers,yes,yes,day 2
698,30,technician,single,unknown,-48,152,young_customers,no,no,day 1
699,57,management,married,tertiary,2142,251,old_customers,yes,no,day 4
700,24,services,single,secondary,77,390,young_customers,no,yes,day 1
701,46,blue-collar,married,unknown,401,306,old_customers,no,no,day 3
702,33,admin.,married,secondary,21,189,young_customers,yes,no,day 2
703,43,services,divorced,secondary,0,125,old_customers,yes,no,day 1
704,43,admin.,single,secondary,-497,234,old_customers,no,yes,day 4
705,40,blue-collar,divorced,primary,369,79,young_customers,yes,no,day 1
706,44,technician,single,unknown,78,13,old_customers,no,no,day 3
707,35,technician,single,tertiary,226,283,young_customers,no,yes,day 2
708,47,technician,married,secondary,503,109,old_customers,yes,no,day 1
709,33,blue-collar,married,secondary,372,132,young_customers,yes,no,day 4
710,31,admin.,married,secondary,0,144,young_customers,no,no,day 1
711,40,blue-collar,divorced,secondary,0,121,young_customers,yes,yes,day 3
712,36,entrepreneur,married,tertiary,125,95,young_customers,no,no,day 2
713,56,retired,divorced,primary,4,31,old_customers,no,no,day 1
714,40,admin.,single,unknown,419,112,young_customers,yes,yes,day 4
715,41,admin.,divorced,secondary,322,87,young_customers,yes,no,day 1
716,53,retired,married,secondary,303,593,old_customers,no,no,day 3
717,39,blue-collar,married,secondary,607,99,young_customers,yes,no,day 2
718,44,blue-collar,divorced,secondary,579,198,old_customers,no,yes,day 1
719,38,admin.,married,secondary,3047,285,young_customers,no,no,day 4
720,54,technician,divorced,secondary,83,190,old_customers,yes,no,day 1
721,58,management,married,tertiary,68,172,old_customers,yes,yes,day 3
722,52,blue-collar,married,primary,58,213,old_customers,no,no,day 2
723,28,admin.,single,secondary,251,178,young_customers,yes,no,day 1
724,36,blue-collar,married,secondary,688,174,young_customers,no,no,day 4
725,60,retired,married,primary,364,631,old_customers,no,yes,day 1
726,42,services,divorced,secondary,55,176,young_customers,yes,no,day 3
727,42,admin.,married,secondary,101,32,young_customers,yes,no,day 2
728,44,management,married,tertiary,105,1529,old_customers,no,yes,day 1
729,51,blue-collar,divorced,primary,325,254,old_customers,yes,no,day 4
730,49,blue-collar,married,primary,198,200,old_customers,no,no,day 1
731,47,entrepreneur,married,unknown,209,135,old_customers,no,no,day 3
732,37,blue-collar,married,secondary,183,112,young_customers,yes,yes,day 2
733,34,management,married,tertiary,105,314,young_customers,yes,no,day 1
734,35,services,married,secondary,109,597,young_customers,no,no,day 4
735,35,blue-collar,single,secondary,376,207,young_customers,yes,yes,day 1
736,40,blue-collar,married,primary,-7,410,young_customers,no,no,day 3
737,55,technician,married,secondary,0,160,old_customers,no,no,day 2
738,55,retired,married,secondary,143,42,old_customers,yes,no,day 1
739,35,management,single,tertiary,550,55,young_customers,yes,yes,day 4
740,57,blue-collar,married,primary,162,155,old_customers,no,no,day 1
741,53,management,married,tertiary,115,336,old_customers,yes,no,day 3
742,41,blue-collar,married,primary,512,233,young_customers,no,yes,day 2
743,57,blue-collar,married,unknown,807,211,old_customers,no,no,day 1
744,45,blue-collar,married,unknown,248,88,old_customers,yes,no,day 4
745,43,blue-collar,married,primary,1211,208,old_customers,yes,no,day 1
746,56,self-employed,married,unknown,7,305,old_customers,no,yes,day 3
747,31,entrepreneur,married,tertiary,281,206,young_customers,yes,no,day 2
748,37,blue-collar,single,secondary,88,128,young_customers,no,no,day 1
749,30,management,married,tertiary,32,122,young_customers,no,yes,day 4
750,30,admin.,single,secondary,115,66,young_customers,yes,no,day 1
751,54,blue-collar,married,secondary,254,66,old_customers,yes,no,day 3
752,36,management,married,tertiary,144,164,young_customers,no,no,day 2
753,55,unemployed,married,tertiary,383,343,old_customers,yes,yes,day 1
754,37,admin.,single,secondary,569,126,young_customers,no,no,day 4
755,38,housemaid,married,secondary,0,59,young_customers,no,no,day 1
756,48,admin.,married,secondary,3754,249,old_customers,yes,yes,day 3
757,55,housemaid,divorced,tertiary,6920,406,old_customers,yes,no,day 2
758,59,services,married,secondary,307,250,old_customers,no,no,day 1
759,37,technician,married,secondary,-421,183,young_customers,yes,no,day 4
760,33,blue-collar,divorced,secondary,60,190,young_customers,no,yes,day 1
761,44,blue-collar,married,primary,67,220,old_customers,no,no,day 3
762,57,technician,married,secondary,402,153,old_customers,yes,no,day 2
763,30,self-employed,single,tertiary,800,95,young_customers,yes,yes,day 1
764,42,technician,married,tertiary,239,191,young_customers,no,no,day 4
765,51,blue-collar,divorced,secondary,421,216,old_customers,yes,no,day 1
766,44,admin.,divorced,secondary,161,89,old_customers,no,no,day 3
767,46,technician,married,secondary,289,51,old_customers,no,yes,day 2
768,29,student,single,secondary,110,169,young_customers,yes,no,day 1
769,39,blue-collar,married,primary,245,148,young_customers,yes,no,day 4
770,42,services,married,secondary,0,0,young_customers,no,yes,day 1
771,50,blue-collar,married,primary,156,117,old_customers,yes,no,day 3
772,42,technician,single,secondary,0,275,young_customers,no,no,day 2
773,39,admin.,married,secondary,20,124,young_customers,no,no,day 1
774,55,technician,single,tertiary,92,118,old_customers,yes,yes,day 4
775,46,services,married,secondary,89,479,old_customers,yes,no,day 1
776,42,blue-collar,married,secondary,166,285,young_customers,no,no,day 3
777,45,management,married,tertiary,103,35,old_customers,yes,yes,day 2
778,43,blue-collar,married,primary,-454,322,old_customers,no,no,day 1
779,42,admin.,married,secondary,445,202,young_customers,no,no,day 4
780,30,admin.,married,secondary,4,172,young_customers,yes,no,day 1
781,47,blue-collar,married,secondary,1001,201,old_customers,yes,yes,day 3
782,51,services,divorced,secondary,-69,216,old_customers,no,no,day 2
783,38,technician,single,secondary,42,195,young_customers,yes,no,day 1
784,57,technician,married,unknown,1617,96,old_customers,no,yes,day 4
785,42,management,divorced,tertiary,221,720,young_customers,no,no,day 1
786,32,technician,divorced,secondary,210,188,young_customers,yes,no,day 3
787,46,management,married,tertiary,0,70,old_customers,yes,no,day 2
788,29,student,single,tertiary,185,141,young_customers,no,yes,day 1
789,59,retired,married,secondary,836,106,old_customers,yes,no,day 4
790,32,blue-collar,single,secondary,301,395,young_customers,no,no,day 1
791,44,blue-collar,married,primary,503,629,old_customers,no,yes,day 3
792,40,retired,married,primary,407,502,young_customers,yes,no,day 2
793,31,blue-collar,single,secondary,53,446,young_customers,yes,no,day 1
794,46,self-employed,married,tertiary,2303,241,old_customers,no,no,day 4
795,43,management,married,tertiary,144,131,old_customers,yes,yes,day 1
796,34,services,married,secondary,205,312,young_customers,no,no,day 3
797,39,management,married,tertiary,305,275,young_customers,no,no,day 2
798,30,blue-collar,divorced,secondary,251,120,young_customers,yes,yes,day 1
799,56,retired,married,secondary,0,333,old_customers,yes,no,day 4
800,29,technician,married,secondary,8,113,young_customers,no,no,day 1
801,40,blue-collar,divorced,secondary,139,91,young_customers,yes,no,day 3
802,36,services,married,secondary,184,128,young_customers,no,yes,day 2
803,37,blue-collar,single,secondary,238,200,young_customers,no,no,day 1
804,35,admin.,married,secondary,0,326,young_customers,yes,no,day 4
805,35,blue-collar,married,primary,0,292,young_customers,yes,yes,day 1
806,47,services,married,primary,222,68,old_customers,no,no,day 3
807,31,services,married,secondary,414,215,young_customers,yes,no,day 2
808,56,retired,single,primary,223,97,old_customers,no,no,day 1
809,57,technician,married,secondary,197,32,old_customers,no,yes,day 4
810,36,blue-collar,married,secondary,-251,162,young_customers,yes,no,day 1
811,45,self-employed,divorced,secondary,-139,152,old_customers,yes,no,day 3
812,47,blue-collar,married,unknown,733,268,old_customers,no,yes,day 2
813,29,technician,single,tertiary,0,104,young_customers,yes,no,day 1
814,57,services,married,secondary,1,852,old_customers,no,no,day 4
815,45,blue-collar,married,primary,97,923,old_customers,no,no,day 1
816,31,blue-collar,single,primary,435,159,young_customers,yes,yes,day 3
817,31,management,divorced,tertiary,0,953,young_customers,yes,no,day 2
818,37,technician,single,tertiary,147,416,young_customers,no,no,day 1
819,30,technician,single,tertiary,3,174,young_customers,yes,yes,day 4
820,58,services,divorced,secondary,1109,180,old_customers,no,no,day 1
821,33,services,married,secondary,404,139,young_customers,no,no,day 3
822,39,blue-collar,married,primary,981,294,young_customers,yes,no,day 2
823,33,blue-collar,single,primary,95,102,young_customers,yes,yes,day 1
824,34,services,married,secondary,302,124,young_customers,no,no,day 4
825,36,services,divorced,secondary,-290,128,young_customers,yes,no,day 1
826,37,services,single,secondary,259,130,young_customers,no,yes,day 3
827,35,blue-collar,married,secondary,527,143,young_customers,no,no,day 2
828,55,retired,married,secondary,102,74,old_customers,yes,no,day 1
829,34,management,single,tertiary,872,105,young_customers,yes,no,day 4
830,40,management,divorced,tertiary,490,477,young_customers,no,yes,day 1
831,42,blue-collar,single,primary,19,158,young_customers,yes,no,day 3
832,37,blue-collar,married,secondary,16,250,young_customers,no,no,day 2
833,42,management,married,tertiary,386,168,young_customers,no,yes,day 1
834,35,technician,single,secondary,539,520,young_customers,yes,no,day 4
835,44,technician,divorced,secondary,-329,171,old_customers,yes,no,day 1
836,30,services,single,secondary,-174,113,young_customers,no,no,day 3
837,45,entrepreneur,married,secondary,68,254,old_customers,yes,yes,day 2
838,35,blue-collar,single,unknown,-532,149,young_customers,no,no,day 1
839,36,admin.,divorced,secondary,0,133,young_customers,no,no,day 4
840,49,blue-collar,married,secondary,64,293,old_customers,yes,yes,day 1
841,31,blue-collar,single,secondary,1415,485,young_customers,yes,no,day 3
842,31,technician,single,secondary,147,374,young_customers,no,no,day 2
843,39,blue-collar,married,secondary,72,425,young_customers,yes,no,day 1
844,37,services,single,secondary,-196,207,young_customers,no,yes,day 4
845,33,blue-collar,married,primary,716,83,young_customers,no,no,day 1
846,37,management,married,tertiary,0,228,young_customers,yes,no,day 3
847,42,services,married,secondary,-246,149,young_customers,yes,yes,day 2
848,56,blue-collar,married,secondary,-203,139,old_customers,no,no,day 1
849,37,admin.,single,secondary,245,732,young_customers,yes,no,day 4
850,36,services,single,secondary,342,142,young_customers,no,no,day 1
851,29,technician,single,tertiary,3,359,young_customers,no,yes,day 3
852,54,management,married,tertiary,-248,112,old_customers,yes,no,day 2
853,38,blue-collar,married,secondary,376,1521,young_customers,yes,no,day 1
854,43,blue-collar,divorced,secondary,370,216,old_customers,no,yes,day 4
855,47,admin.,single,secondary,594,161,old_customers,yes,no,day 1
856,47,blue-collar,married,secondary,387,122,old_customers,no,no,day 3
857,38,services,married,secondary,208,800,young_customers,no,no,day 2
858,40,blue-collar,married,secondary,563,615,young_customers,yes,yes,day 1
859,33,services,divorced,secondary,392,254,young_customers,yes,no,day 4
860,33,retired,married,secondary,165,111,young_customers,no,no,day 1
861,53,admin.,divorced,unknown,236,354,old_customers,yes,yes,day 3
862,37,services,married,primary,52,359,young_customers,no,no,day 2
863,40,management,single,tertiary,1265,97,young_customers,no,no,day 1
864,37,blue-collar,married,primary,693,327,young_customers,yes,no,day 4
865,35,technician,married,secondary,118,236,young_customers,yes,yes,day 1
866,49,blue-collar,married,primary,3659,160,old_customers,no,no,day 3
867,26,blue-collar,single,secondary,24,180,young_customers,yes,no,day 2
868,38,management,single,tertiary,673,184,young_customers,no,yes,day 1
869,52,self-employed,married,secondary,273,227,old_customers,no,no,day 4
870,33,services,divorced,secondary,327,109,young_customers,yes,no,day 1
871,31,admin.,single,secondary,299,492,young_customers,yes,no,day 3
872,32,blue-collar,married,secondary,0,298,young_customers,no,yes,day 2
873,35,blue-collar,single,primary,109,83,young_customers,yes,no,day 1
874,55,management,divorced,tertiary,552,241,old_customers,no,no,day 4
875,32,blue-collar,divorced,primary,473,204,young_customers,no,yes,day 1
876,37,unknown,single,unknown,414,131,young_customers,yes,no,day 3
877,45,blue-collar,married,secondary,154,1138,old_customers,yes,no,day 2
878,31,technician,married,secondary,344,123,young_customers,no,no,day 1
879,38,admin.,married,secondary,8,125,young_customers,yes,yes,day 4
880,37,services,married,secondary,78,0,young_customers,no,no,day 1
881,38,blue-collar,married,secondary,266,287,young_customers,no,no,day 3
882,33,housemaid,married,tertiary,98,109,young_customers,yes,yes,day 2
883,38,blue-collar,married,primary,83,140,young_customers,yes,no,day 1
884,37,management,single,tertiary,45,204,young_customers,no,no,day 4
885,29,unemployed,married,tertiary,8,233,young_customers,yes,no,day 1
886,42,management,married,tertiary,263,254,young_customers,no,yes,day 3
887,40,blue-collar,married,secondary,306,184,young_customers,no,no,day 2
888,32,management,married,tertiary,233,193,young_customers,yes,no,day 1
889,47,management,divorced,tertiary,447,126,old_customers,yes,yes,day 4
890,29,student,single,secondary,872,230,young_customers,no,no,day 1
891,53,services,divorced,primary,-291,591,old_customers,yes,no,day 3
892,31,services,married,tertiary,309,294,young_customers,no,no,day 2
893,59,blue-collar,married,secondary,202,173,old_customers,no,yes,day 1
894,29,entrepreneur,married,primary,56,336,young_customers,yes,no,day 4
895,59,blue-collar,married,primary,229,19,old_customers,yes,no,day 1
896,44,blue-collar,married,primary,143,153,old_customers,no,yes,day 3
897,38,admin.,single,secondary,100,786,young_customers,yes,no,day 2
898,49,admin.,married,secondary,326,99,old_customers,no,no,day 1
899,43,blue-collar,married,secondary,167,243,old_customers,no,no,day 4
900,52,admin.,single,secondary,545,260,old_customers,yes,yes,day 1
901,40,admin.,married,secondary,2100,164,young_customers,yes,no,day 3
902,32,services,married,secondary,0,255,young_customers,no,no,day 2
903,47,admin.,married,primary,192,47,old_customers,yes,yes,day 1
904,33,management,married,tertiary,442,463,young_customers,no,no,day 4
905,35,management,married,tertiary,267,192,young_customers,no,no,day 1
906,27,services,single,secondary,0,388,young_customers,yes,no,day 3
907,50,blue-collar,married,primary,377,221,old_customers,yes,yes,day 2
908,44,retired,married,secondary,7624,126,old_customers,no,no,day 1
909,43,self-employed,married,primary,66,175,old_customers,yes,no,day 4
910,51,blue-collar,married,unknown,37,256,old_customers,no,yes,day 1
911,32,admin.,single,secondary,64,202,young_customers,no,no,day 3
912,47,management,divorced,tertiary,34,104,old_customers,yes,no,day 2
913,34,admin.,divorced,secondary,627,283,young_customers,yes,no,day 1
914,57,self-employed,married,primary,1013,448,old_customers,no,yes,day 4
915,43,admin.,single,secondary,140,127,old_customers,yes,no,day 1
916,40,services,single,tertiary,8823,378,young_customers,no,no,day 3
917,28,blue-collar,single,secondary,97,67,young_customers,no,yes,day 2
918,38,blue-collar,married,unknown,5,221,young_customers,yes,no,day 1
919,37,unemployed,divorced,secondary,74,150,young_customers,yes,no,day 4
920,44,admin.,married,secondary,58544,144,old_customers,no,no,day 1
921,41,technician,married,secondary,169,296,young_customers,yes,yes,day 3
922,37,self-employed,married,tertiary,444,401,young_customers,no,no,day 2
923,30,services,single,tertiary,542,435,young_customers,no,no,day 1
924,32,blue-collar,married,secondary,-205,388,young_customers,yes,yes,day 4
925,30,management,single,tertiary,112,245,young_customers,yes,no,day 1
926,35,services,married,secondary,39,143,young_customers,no,no,day 3
927,55,blue-collar,married,secondary,1268,223,old_customers,yes,no,day 2
928,52,blue-collar,married,secondary,-98,423,old_customers,no,yes,day 1
929,33,admin.,married,secondary,44,231,young_customers,no,no,day 4
930,55,retired,married,primary,-90,634,old_customers,yes,no,day 1
931,33,blue-collar,married,secondary,0,107,young_customers,yes,yes,day 3
932,40,blue-collar,married,secondary,-94,227,young_customers,no,no,day 2
933,39,blue-collar,married,secondary,-345,69,young_customers,yes,no,day 1
934,54,blue-collar,married,secondary,-932,799,old_customers,no,no,day 4
935,39,blue-collar,married,primary,20,109,young_customers,no,yes,day 1
936,49,blue-collar,married,secondary,90,127,old_customers,yes,no,day 3
937,52,admin.,married,secondary,31,120,old_customers,yes,no,day 2
938,27,management,single,tertiary,134,68,young_customers,no,yes,day 1
939,26,services,married,secondary,0,180,young_customers,yes,no,day 4
940,40,blue-collar,married,secondary,61,112,young_customers,no,no,day 1
941,47,blue-collar,married,secondary,-5,444,old_customers,no,no,day 3
942,31,services,single,secondary,-45,246,young_customers,yes,yes,day 2
943,53,blue-collar,single,secondary,156,259,old_customers,yes,no,day 1
944,31,services,married,secondary,564,223,young_customers,no,no,day 4
945,33,admin.,married,secondary,-6,566,young_customers,yes,yes,day 1
946,35,services,married,secondary,528,274,young_customers,no,no,day 3
947,46,entrepreneur,married,unknown,1481,49,old_customers,no,no,day 2
948,31,management,married,secondary,2019,380,young_customers,yes,no,day 1
949,35,technician,single,secondary,1855,138,young_customers,yes,yes,day 4
950,29,management,married,secondary,147,376,young_customers,no,no,day 1
951,51,technician,married,secondary,220,421,old_customers,yes,no,day 3
952,33,blue-collar,married,primary,198,121,young_customers,no,yes,day 2
953,37,management,married,tertiary,115,36,young_customers,no,no,day 1
954,43,admin.,single,unknown,87,328,old_customers,yes,no,day 4
955,42,technician,married,tertiary,644,19,young_customers,yes,no,day 1
956,28,blue-collar,married,secondary,225,866,young_customers,no,yes,day 3
957,57,retired,married,secondary,502,229,old_customers,yes,no,day 2
958,38,services,married,secondary,-32,154,young_customers,no,no,day 1
959,39,blue-collar,married,primary,106,56,young_customers,no,yes,day 4
960,36,technician,married,tertiary,301,1581,young_customers,yes,no,day 1
961,57,retired,married,tertiary,906,117,old_customers,yes,no,day 3
962,44,management,married,unknown,187,185,old_customers,no,no,day 2
963,48,services,divorced,secondary,852,202,old_customers,yes,yes,day 1
964,46,blue-collar,married,primary,143,279,old_customers,no,no,day 4
965,43,admin.,married,secondary,71,180,old_customers,no,no,day 1
966,49,services,married,secondary,1496,218,old_customers,yes,yes,day 3
967,29,services,single,secondary,703,129,young_customers,yes,no,day 2
968,53,blue-collar,married,secondary,732,530,old_customers,no,no,day 1
969,30,services,single,secondary,21,104,young_customers,yes,no,day 4
970,41,management,divorced,secondary,276,60,young_customers,no,yes,day 1
971,33,technician,married,secondary,0,432,young_customers,no,no,day 3
972,47,blue-collar,married,primary,550,113,old_customers,yes,no,day 2
973,58,retired,married,secondary,268,516,old_customers,yes,yes,day 1
974,31,unemployed,married,secondary,-825,179,young_customers,no,no,day 4
975,38,admin.,single,secondary,137,125,young_customers,yes,no,day 1
976,60,retired,married,secondary,42,386,old_customers,no,no,day 3
977,33,management,single,tertiary,54,262,young_customers,no,yes,day 2
978,33,unemployed,single,tertiary,1716,396,young_customers,yes,no,day 1
979,52,admin.,married,primary,270,294,old_customers,yes,no,day 4
980,42,blue-collar,married,primary,803,171,young_customers,no,yes,day 1
981,30,technician,single,secondary,102,614,young_customers,yes,no,day 3
982,33,entrepreneur,divorced,tertiary,188,118,young_customers,no,no,day 2
983,46,admin.,divorced,secondary,207,485,old_customers,no,no,day 1
984,51,blue-collar,married,primary,1466,406,old_customers,yes,yes,day 4
985,40,unemployed,single,secondary,350,287,young_customers,yes,no,day 1
986,50,admin.,married,secondary,159,216,old_customers,no,no,day 3
987,42,entrepreneur,married,tertiary,157,650,young_customers,yes,yes,day 2
988,38,technician,married,secondary,0,55,young_customers,no,no,day 1
989,36,admin.,single,primary,91,371,young_customers,no,no,day 4
990,37,unemployed,divorced,primary,849,0,young_customers,yes,no,day 1
991,33,management,married,tertiary,436,48,young_customers,yes,yes,day 3
992,38,blue-collar,single,secondary,-1,72,young_customers,no,no,day 2
993,52,blue-collar,married,tertiary,297,55,old_customers,yes,no,day 1
994,29,blue-collar,married,secondary,313,144,young_customers,no,yes,day 4
995,37,blue-collar,married,primary,310,474,young_customers,no,no,day 1
996,34,admin.,married,secondary,475,559,young_customers,yes,no,day 3
997,43,blue-collar,married,primary,61,261,old_customers,yes,no,day 2
998,49,services,married,secondary,1377,1101,old_customers,no,yes,day 1
999,33,technician,single,secondary,56,236,young_customers,yes,no,day 4
